[{"model": "sessions.session", "pk": "005k0rr9sulj2118jm81vzy9d0hyqytm", "fields": {"session_data": "NDYzNGRiODgxODA4M2RhYTk5NjJhYWZlMWY4Y2Y0ZjZmMmY5NmE3Njp7Il9hdXRoX3VzZXJfaWQiOiI5IiwiX2F1dGhfdXNlcl9iYWNrZW5kIjoiZGphbmdvLmNvbnRyaWIuYXV0aC5iYWNrZW5kcy5Nb2RlbEJhY2tlbmQiLCJfYXV0aF91c2VyX2hhc2giOiIyMTY0OTYyYTBhZjg3YWQyZGI2NjNlZmUwYjkyYWIxYWEwZDFhMDc1In0=", "expire_date": "2020-08-02T22:26:58.349Z"}}, {"model": "sessions.session", "pk": "04p67pp0d9vtbpw3dz10qka1s9dwtb2j", "fields": {"session_data": "MjU3MWVjNWFmNTIyMWRjZjU0MzI0NjA1YTNkMTYxZGE4MGVhNDViMzp7Il9hdXRoX3VzZXJfaWQiOiI3IiwiX2F1dGhfdXNlcl9iYWNrZW5kIjoiZGphbmdvLmNvbnRyaWIuYXV0aC5iYWNrZW5kcy5Nb2RlbEJhY2tlbmQiLCJfYXV0aF91c2VyX2hhc2giOiI1N2QzNzEyNWVkYmJmZDU4MzgyMGMxOTIyN2QyYzI5ODExN2I0Mzg5In0=", "expire_date": "2020-08-02T22:23:54.885Z"}}, {"model": "sessions.session", "pk": "0hbeq2cb3bjhmuo20sz237oinralzky8", "fields": {"session_data": "MDFkMDFlZTQ5ZDQ3MDMzNThhODJlMzZkYTg1MGQ3ODc3ZDUwODdmYjp7Il9hdXRoX3VzZXJfaWQiOiI2MCIsIl9hdXRoX3VzZXJfYmFja2VuZCI6ImRqYW5nby5jb250cmliLmF1dGguYmFja2VuZHMuTW9kZWxCYWNrZW5kIiwiX2F1dGhfdXNlcl9oYXNoIjoiOGRiM2UxZjJkMTJjMDQwNGZhNTIxYjNjZTAwNDRhNWE3ZGYxOWZhYyJ9", "expire_date": "2020-08-03T21:55:58.903Z"}}, {"model": "sessions.session", "pk": "0x501yv57ogu4q7na0q68v7lggvqqzem", "fields": {"session_data": "MjZlNDgwOGU3NjhjYjNjZDU4MmY1YTIxNzlhNTE1YjNkNDM0OTdjNTp7Il9hdXRoX3VzZXJfaWQiOiIzNyIsIl9hdXRoX3VzZXJfYmFja2VuZCI6ImRqYW5nby5jb250cmliLmF1dGguYmFja2VuZHMuTW9kZWxCYWNrZW5kIiwiX2F1dGhfdXNlcl9oYXNoIjoiYjdmM2Q4NTM0NzgzMzc4Mzc1YzYzNTgyYjNjNzEyMzVmYTFiZTYwNSJ9", "expire_date": "2020-08-03T09:21:48.689Z"}}, {"model": "sessions.session", "pk": "1adcj82ub8ax5t1s7gi59wjjv8aklfip", "fields": {"session_data": "NjVmZDY3ZWVlYjcwYzQ4MmI5ODhmYmIzOGM1ODMzNGNjZWFkZTIzNTp7InNvY2lhbGFjY291bnRfc3RhdGUiOlt7Im5leHQiOiIvam9pbl9jb3Vyc2UiLCJwcm9jZXNzIjoibG9naW4iLCJzY29wZSI6IiIsImF1dGhfcGFyYW1zIjoiIn0sIm54TTZHeEdhRXNxSCJdfQ==", "expire_date": "2020-07-30T16:47:11.728Z"}}, {"model": "sessions.session", "pk": "1pwtupdpjtlap6hyjxo3o9bqgopryido", "fields": {"session_data": "Zjk3ZTNhNWIwMDJhOWMxZmY0ZDkzMzViMWFmM2E5NDBmYzE1ZjRlOTp7ImFjY291bnRfdmVyaWZpZWRfZW1haWwiOm51bGwsIl9hdXRoX3VzZXJfaWQiOiIyNyIsIl9hdXRoX3VzZXJfYmFja2VuZCI6ImFsbGF1dGguYWNjb3VudC5hdXRoX2JhY2tlbmRzLkF1dGhlbnRpY2F0aW9uQmFja2VuZCIsIl9hdXRoX3VzZXJfaGFzaCI6IjAyNGNiZmIyMTk3NjYxYzcyYmVkZDdkMGMxY2YxNTM0ZGYxNGZlYTgifQ==", "expire_date": "2020-08-03T07:28:11.682Z"}}, {"model": "sessions.session", "pk": "1ryre6imuxvla0khqwifr1abdnhns1fj", "fields": {"session_data": "NzA4NTlhZmI4YTRiYzQ2M2RhY2VmOGM2ODZiNWFmNWFlNmY0NWZlZjp7InNvY2lhbGFjY291bnRfc3RhdGUiOlt7Im5leHQiOiIvY2hhbmdlLXBhc3N3b3JkIiwicHJvY2VzcyI6ImxvZ2luIiwic2NvcGUiOiIiLCJhdXRoX3BhcmFtcyI6IiJ9LCJOZzZ4czl4UFprR0IiXSwiX2F1dGhfdXNlcl9pZCI6IjEiLCJfYXV0aF91c2VyX2JhY2tlbmQiOiJkamFuZ28uY29udHJpYi5hdXRoLmJhY2tlbmRzLk1vZGVsQmFja2VuZCIsIl9hdXRoX3VzZXJfaGFzaCI6IjE5ZGZlZWZiNmFhMDRhYTc1NDhiODhjY2RlYzZlYWEzZjA4NWJmYTMifQ==", "expire_date": "2020-07-28T12:45:26.627Z"}}, {"model": "sessions.session", "pk": "1uy9w9ke4yau70uva2vvpl4kcbjxs1ga", "fields": {"session_data": "YzllY2Q3MmE3YWI1YmJmNDM3MjEwOTk5MmRjYjM1ODc2MWQ2MTcxZTp7InNvY2lhbGFjY291bnRfc3RhdGUiOlt7Im5leHQiOiIvc2luZ2xlLmh0bWwiLCJwcm9jZXNzIjoibG9naW4iLCJzY29wZSI6IiIsImF1dGhfcGFyYW1zIjoiIn0sIktaaERyWVg2c1p5NyJdfQ==", "expire_date": "2020-08-04T10:01:22.705Z"}}, {"model": "sessions.session", "pk": "23rirtk9dyliw19uj827tszo5638atdi", "fields": {"session_data": "NWQ5MWI0MzYyYjI4ZDZhNDY3MWQ4ZjFmYmM0NTY1Mzk1OTljOTY4NDp7Il9hdXRoX3VzZXJfaWQiOiI2OCIsIl9hdXRoX3VzZXJfYmFja2VuZCI6ImRqYW5nby5jb250cmliLmF1dGguYmFja2VuZHMuTW9kZWxCYWNrZW5kIiwiX2F1dGhfdXNlcl9oYXNoIjoiNTcwNjEyNzBhZTNhMmQyNGNjZDE4ZDk1ZDQyOTkxNTA0YjM1OTZkZCJ9", "expire_date": "2020-08-04T00:52:49.376Z"}}, {"model": "sessions.session", "pk": "28d4oh2wbrkb3265dvj70gpslz4oh1pg", "fields": {"session_data": "N2U4M2E2YTg5MmUyN2RlMGE2OWY0MDFjODVjOTljNzhiMjYzZWViNzp7InNvY2lhbGFjY291bnRfc3RhdGUiOlt7Im5leHQiOiIvam9pbi9IYWNraW5nIiwicHJvY2VzcyI6ImxvZ2luIiwic2NvcGUiOiIiLCJhdXRoX3BhcmFtcyI6IiJ9LCJMdGlEcWlodndrd2wiXX0=", "expire_date": "2020-08-04T09:54:46.308Z"}}, {"model": "sessions.session", "pk": "2l6sfphyjm7zvwhqohfkwkui2123b1x3", "fields": {"session_data": "YmQ3ZjlkZWQzZTllMjQ0OTQ1MDhlYTg5NGQ3ZTRkMDQzNTk3MDc1Yjp7Il9hdXRoX3VzZXJfaWQiOiI1MSIsIl9hdXRoX3VzZXJfYmFja2VuZCI6ImRqYW5nby5jb250cmliLmF1dGguYmFja2VuZHMuTW9kZWxCYWNrZW5kIiwiX2F1dGhfdXNlcl9oYXNoIjoiZjFlNGM3NGI0Y2RhMzVlNjY1NDU3ZTJmNDQ4NDYxNmVhNzcyYmMxOSJ9", "expire_date": "2020-08-03T20:36:49.011Z"}}, {"model": "sessions.session", "pk": "41c8mkwj661hx4maytxqg1dkmx0jncor", "fields": {"session_data": "MWE4NzJiMDBkNDE0MGY4Njg3NmU2Zjg0ZTQzM2RlZmUyYWY1OWRkZDp7Il9hdXRoX3VzZXJfaWQiOiIzOSIsIl9hdXRoX3VzZXJfYmFja2VuZCI6ImRqYW5nby5jb250cmliLmF1dGguYmFja2VuZHMuTW9kZWxCYWNrZW5kIiwiX2F1dGhfdXNlcl9oYXNoIjoiYzdjOTE4NGUzYmUyZTRlZDQzYTgwOGYxNzczZDI3NGZjYzhjYTgzZCJ9", "expire_date": "2020-08-03T09:38:54.056Z"}}, {"model": "sessions.session", "pk": "4l8iyncjpx1cmwd6q4plobonudkgwgv6", "fields": {"session_data": "MjZlNDgwOGU3NjhjYjNjZDU4MmY1YTIxNzlhNTE1YjNkNDM0OTdjNTp7Il9hdXRoX3VzZXJfaWQiOiIzNyIsIl9hdXRoX3VzZXJfYmFja2VuZCI6ImRqYW5nby5jb250cmliLmF1dGguYmFja2VuZHMuTW9kZWxCYWNrZW5kIiwiX2F1dGhfdXNlcl9oYXNoIjoiYjdmM2Q4NTM0NzgzMzc4Mzc1YzYzNTgyYjNjNzEyMzVmYTFiZTYwNSJ9", "expire_date": "2020-08-05T15:07:33.035Z"}}, {"model": "sessions.session", "pk": "4xokrqhukpvqcy6quy7gjd6kv8iub2k8", "fields": {"session_data": "MjNlY2VkOGRiNzEyZTI5ZTIyOGExNjJmZjdlYTdiZTQzYzcyMzg4NTp7InNvY2lhbGFjY291bnRfc3RhdGUiOlt7Im5leHQiOiIvam9pbi9BSSIsInByb2Nlc3MiOiJsb2dpbiIsInNjb3BlIjoiIiwiYXV0aF9wYXJhbXMiOiIifSwiV0FqaVVISTJRWnFFIl19", "expire_date": "2020-08-04T09:53:43.513Z"}}, {"model": "sessions.session", "pk": "5diya6953uixuj94kxo2vgmc9mudxqlj", "fields": {"session_data": "ODQ5MzgyMWFiNGE4YWI0ZmQ3ZDIxOGNlMWRkYTU1YWZiY2Y5ODM2Yjp7Il9hdXRoX3VzZXJfaWQiOiIyMCIsIl9hdXRoX3VzZXJfYmFja2VuZCI6ImRqYW5nby5jb250cmliLmF1dGguYmFja2VuZHMuTW9kZWxCYWNrZW5kIiwiX2F1dGhfdXNlcl9oYXNoIjoiYWIxYmZmOGQ5Y2ZjYjk5YmUzY2Y1ZDc3NjBiZWQwNTQxOTY0M2Y4NyJ9", "expire_date": "2020-08-03T01:53:30.773Z"}}, {"model": "sessions.session", "pk": "5ihh7ebo9ni636ov8e7mz15jj4soyc3b", "fields": {"session_data": "NzE0MWYwYzFlNjE4ODRjOWExMTUyMmZkMjdkYjZmMDAzMDgyZjcyNjp7InNvY2lhbGFjY291bnRfc3RhdGUiOlt7InByb2Nlc3MiOiJsb2dpbiIsInNjb3BlIjoiIiwiYXV0aF9wYXJhbXMiOiIifSwibzZiRnpxd0loOEwyIl19", "expire_date": "2020-08-04T09:53:08.961Z"}}, {"model": "sessions.session", "pk": "5qm6fccwn9i792nr3ffuyrphejgf9fge", "fields": {"session_data": "NGRmZjRkNzIzNTc2MGUzZWIyMDY3OTg3MTM3OWQ2YjA5NTZiNzk0MTp7Il9hdXRoX3VzZXJfaWQiOiIxMCIsIl9hdXRoX3VzZXJfYmFja2VuZCI6ImRqYW5nby5jb250cmliLmF1dGguYmFja2VuZHMuTW9kZWxCYWNrZW5kIiwiX2F1dGhfdXNlcl9oYXNoIjoiODE3NTFiNDUzOTA2Y2YxODQyMmNiNjgwYWVjMzhkNmQyMThkZDU3YyJ9", "expire_date": "2020-08-02T22:27:35.282Z"}}, {"model": "sessions.session", "pk": "5sgk4gamb3tnwomyy445a5q9mysrox3d", "fields": {"session_data": "NWQ5YmE3ODNlODQ1OTE2ZDBlMjA2NDk4OTZhMTAwYWU2NzQwMzI4ZDp7InNvY2lhbGFjY291bnRfc3RhdGUiOlt7Im5leHQiOiIvYXV0aG9yIiwicHJvY2VzcyI6ImxvZ2luIiwic2NvcGUiOiIiLCJhdXRoX3BhcmFtcyI6IiJ9LCJNbzVPcEp4d1hHRnUiXX0=", "expire_date": "2020-08-04T09:55:56.203Z"}}, {"model": "sessions.session", "pk": "5u8z10azyrfqcajg209krfm08g7ngnev", "fields": {"session_data": "ODg1Y2I0NDJmMDEyNmE5NGUxZmQ0MzJlYjRkMmYyMGZjZWQxNTBhMDp7Il9hdXRoX3VzZXJfaWQiOiI2NSIsIl9hdXRoX3VzZXJfYmFja2VuZCI6ImRqYW5nby5jb250cmliLmF1dGguYmFja2VuZHMuTW9kZWxCYWNrZW5kIiwiX2F1dGhfdXNlcl9oYXNoIjoiODlkMTdjZDAyNDFjZjc4MjFjY2E1OWQ4NDkzZDU5Yzg3MDA5MzEyZiJ9", "expire_date": "2020-08-03T23:15:21.947Z"}}, {"model": "sessions.session", "pk": "5wtuirhx1grchu2bz0br3s5gh7u1p6kw", "fields": {"session_data": "YWI1MDJmZjRhMzMxNjE1YjdhNDQ4MDc3YjA3ZjMzOTA2ZTU1ZWU5Zjp7Il9hdXRoX3VzZXJfaWQiOiIxNyIsIl9hdXRoX3VzZXJfYmFja2VuZCI6ImRqYW5nby5jb250cmliLmF1dGguYmFja2VuZHMuTW9kZWxCYWNrZW5kIiwiX2F1dGhfdXNlcl9oYXNoIjoiNzc5NzJhYzJmMzY0MDJhNDIzYjk1M2RiNWVjOGI4YTI1Mzg5ZjgwYyJ9", "expire_date": "2020-08-02T23:50:13.379Z"}}, {"model": "sessions.session", "pk": "5x1xu5yywd6b60mx5zge46zosl5hb5t7", "fields": {"session_data": "ZmY5Nzc3MWYyYjAzNjY2NTg3YTFlZjBjZTRiYTgzYTIxZDMwZjQwMDp7InNvY2lhbGFjY291bnRfc3RhdGUiOlt7Im5leHQiOiIvam9pbi9XZWJfRGV2ZWxvcG1lbnQiLCJwcm9jZXNzIjoibG9naW4iLCJzY29wZSI6IiIsImF1dGhfcGFyYW1zIjoiIn0sIlNFdHAzRXVPZDZMZSJdfQ==", "expire_date": "2020-08-04T09:55:03.137Z"}}, {"model": "sessions.session", "pk": "6batfmkiew9yxut6i3ptelysthwzxh6n", "fields": {"session_data": "ZWQ0NTZiZDRiNjdiZjA3YTY1N2U1ZjZhYjRjMDlhNzcxNGMxNmM3Nzp7InNvY2lhbGFjY291bnRfc29jaWFsbG9naW4iOnsiYWNjb3VudCI6eyJpZCI6bnVsbCwidXNlcl9pZCI6bnVsbCwicHJvdmlkZXIiOiJnb29nbGUiLCJ1aWQiOiIxMDU0MzgxMTQ0NTc1MjEzOTc2OTUiLCJsYXN0X2xvZ2luIjpudWxsLCJkYXRlX2pvaW5lZCI6bnVsbCwiZXh0cmFfZGF0YSI6eyJpZCI6IjEwNTQzODExNDQ1NzUyMTM5NzY5NSIsImVtYWlsIjoicmVqb2ljZWFkZW9sYTIxQGdtYWlsLmNvbSIsInZlcmlmaWVkX2VtYWlsIjp0cnVlLCJuYW1lIjoiUmVqb2ljZSBBZGVvbGEiLCJnaXZlbl9uYW1lIjoiUmVqb2ljZSIsImZhbWlseV9uYW1lIjoiQWRlb2xhIiwicGljdHVyZSI6Imh0dHBzOi8vbGg1Lmdvb2dsZXVzZXJjb250ZW50LmNvbS8tekFRTGtLM2dkNE0vQUFBQUFBQUFBQUkvQUFBQUFBQUFBQUEvQU1adXVjazJ4UzhUNFAtVG5tNTY5VEluMHU0UnRoblA4Zy9waG90by5qcGciLCJsb2NhbGUiOiJlbi1HQiJ9fSwidXNlciI6eyJpZCI6bnVsbCwicGFzc3dvcmQiOiIhV3dqVlR5cEZGUmdzTHBHNkhjb3ZqNjd1VVpRWmt2MWZadUpxaG41ZiIsImxhc3RfbG9naW4iOm51bGwsImlzX3N1cGVydXNlciI6ZmFsc2UsInVzZXJuYW1lIjoiIiwiZmlyc3RfbmFtZSI6IlJlam9pY2UiLCJsYXN0X25hbWUiOiJBZGVvbGEiLCJlbWFpbCI6InJlam9pY2VhZGVvbGEyMUBnbWFpbC5jb20iLCJpc19zdGFmZiI6ZmFsc2UsImlzX2FjdGl2ZSI6dHJ1ZSwiZGF0ZV9qb2luZWQiOiIyMDIwLTA3LTIyVDIyOjQ5OjA2LjIxMVoifSwic3RhdGUiOnsicHJvY2VzcyI6ImxvZ2luIiwic2NvcGUiOiIiLCJhdXRoX3BhcmFtcyI6IiJ9LCJlbWFpbF9hZGRyZXNzZXMiOlt7ImlkIjpudWxsLCJ1c2VyX2lkIjpudWxsLCJlbWFpbCI6InJlam9pY2VhZGVvbGEyMUBnbWFpbC5jb20iLCJ2ZXJpZmllZCI6dHJ1ZSwicHJpbWFyeSI6dHJ1ZX1dLCJ0b2tlbiI6eyJpZCI6bnVsbCwiYXBwX2lkIjoxLCJhY2NvdW50X2lkIjpudWxsLCJ0b2tlbiI6InlhMjkuYTBBZkg2U01CV1pXRVBZVzlGcGJxXzNJM1hnME1RRnhiSjJ3b2tXeE9tSTRqVkdKSlIxbTdyek1IX21BSTBlSFdfd0pnRFJDbUppUEIwRzlHeWcxYjBoVnpfdjA2V3NnWERxZHNrMmtmdUJCZDAxZk9GSUVkZ25RNGg2ODN6bHdsR0V6TDZYNmhLY0pLWVViQzN0NFpHSWtjV29sSzNIVWN3WklrIiwidG9rZW5fc2VjcmV0IjoiIiwiZXhwaXJlc19hdCI6IjIwMjAtMDctMjJUMjM6NDk6MDQuOTIyWiJ9fX0=", "expire_date": "2020-08-05T22:49:06.217Z"}}, {"model": "sessions.session", "pk": "75m4apq7adfld6vgec08v1730uyxkv6n", "fields": {"session_data": "ODRjMjM5MTkyZWFlMGQ1ZmRiNjBhNDdmZjZkYTgwYjFhZTE0YmUwYTp7Il9hdXRoX3VzZXJfaWQiOiIxIiwiX2F1dGhfdXNlcl9iYWNrZW5kIjoiZGphbmdvLmNvbnRyaWIuYXV0aC5iYWNrZW5kcy5Nb2RlbEJhY2tlbmQiLCJfYXV0aF91c2VyX2hhc2giOiIxOWRmZWVmYjZhYTA0YWE3NTQ4Yjg4Y2NkZWM2ZWFhM2YwODViZmEzIn0=", "expire_date": "2020-08-03T13:20:33.444Z"}}, {"model": "sessions.session", "pk": "7pz6riv6kzwsaxtx7d8d7oycygitefho", "fields": {"session_data": "MmZmZjIyZWM2NjgxYmQyYTU2ZDIxNzhkZDE2NGY3MjJiOGEwMzBlMjp7InNvY2lhbGFjY291bnRfc3RhdGUiOlt7Im5leHQiOiIvam9pbi9IYWNraW5nIiwicHJvY2VzcyI6ImxvZ2luIiwic2NvcGUiOiIiLCJhdXRoX3BhcmFtcyI6IiJ9LCJKQWJMYjIxSWUxa2UiXX0=", "expire_date": "2020-08-04T09:54:34.182Z"}}, {"model": "sessions.session", "pk": "7qld3bf70y1fsjshwo12n5m9n4mllhhd", "fields": {"session_data": "YTU3MzI1ZDNkNDIxNDkzMTk3NzBkZjk4OWY4MTBlMGNjNjY4NWNlMjp7InNvY2lhbGFjY291bnRfc3RhdGUiOlt7InByb2Nlc3MiOiJsb2dpbiIsInNjb3BlIjoiIiwiYXV0aF9wYXJhbXMiOiIifSwiRmdUVVdPTHBlcXZIIl19", "expire_date": "2020-08-06T11:08:43.651Z"}}, {"model": "sessions.session", "pk": "7ub15o4dfe9wrgsj06h0f6xrmj7td8bo", "fields": {"session_data": "YTJjZjc3Y2I0MzkwNzUxOGVkOWI1Mjk1ZTYyMWI3MjVkNzQ4MWNmMjp7Il9hdXRoX3VzZXJfaWQiOiI2IiwiX2F1dGhfdXNlcl9iYWNrZW5kIjoiZGphbmdvLmNvbnRyaWIuYXV0aC5iYWNrZW5kcy5Nb2RlbEJhY2tlbmQiLCJfYXV0aF91c2VyX2hhc2giOiI1ZDI3OGY5ZGZiNzZmNDNkMzg2NDgxOGNjN2IwMGU4MmI3ZDI4ZDYyIn0=", "expire_date": "2020-08-02T14:36:43.253Z"}}, {"model": "sessions.session", "pk": "7uuwfh7qga6ua5i2xkjr089b8v05voo5", "fields": {"session_data": "MzExNzFkNGQzYmQ2NjczNTE5M2JkOWFiMGMyODMzMjNhMTg2OTlkNzp7Il9hdXRoX3VzZXJfaWQiOiIzNCIsIl9hdXRoX3VzZXJfYmFja2VuZCI6ImRqYW5nby5jb250cmliLmF1dGguYmFja2VuZHMuTW9kZWxCYWNrZW5kIiwiX2F1dGhfdXNlcl9oYXNoIjoiZWQ2ZWQ4YTlhYWNiNjA4ZTQ4YTM1ZjE5MzUxOGUzNjU2YmNjNWVmOCJ9", "expire_date": "2020-08-03T08:58:18.987Z"}}, {"model": "sessions.session", "pk": "80lpbfh3a5ujy6tw0pprv7g9hvknywzf", "fields": {"session_data": "Mjg4NmM3Mzk4MGJlZDViYzQ2ZjhiMWY1OGFmYjVjZTMzYzFkNzQwZjp7InNvY2lhbGFjY291bnRfc3RhdGUiOlt7Im5leHQiOiIvam9pbi9XZWJfRGV2ZWxvcG1lbnQiLCJwcm9jZXNzIjoibG9naW4iLCJzY29wZSI6IiIsImF1dGhfcGFyYW1zIjoiIn0sIm05bUdSREE1bWJyNyJdfQ==", "expire_date": "2020-08-04T09:59:21.146Z"}}, {"model": "sessions.session", "pk": "81fgp2q8wfsisf6kwzdyzxc5pkf1i4og", "fields": {"session_data": "MDEzYTVlZWJjNjc2ZGJiN2NmODYyY2E1ZTExODkxMWU5YWEyMjRhYTp7InNvY2lhbGFjY291bnRfc3RhdGUiOlt7Im5leHQiOiIvYXV0aG9yIiwicHJvY2VzcyI6ImxvZ2luIiwic2NvcGUiOiIiLCJhdXRoX3BhcmFtcyI6IiJ9LCIwYnJDWkdWckZsNEwiXX0=", "expire_date": "2020-08-04T09:59:57.334Z"}}, {"model": "sessions.session", "pk": "86jnclvm5q7toygxhidxsfrrtwbcaakx", "fields": {"session_data": "YWJhYzNlOWE3MzJkOTBjNDJkNWZhYzNlYzBlYzIzNjBiNzg0OTEyNjp7ImFjY291bnRfdmVyaWZpZWRfZW1haWwiOm51bGwsIl9hdXRoX3VzZXJfaWQiOiI1NCIsIl9hdXRoX3VzZXJfYmFja2VuZCI6ImFsbGF1dGguYWNjb3VudC5hdXRoX2JhY2tlbmRzLkF1dGhlbnRpY2F0aW9uQmFja2VuZCIsIl9hdXRoX3VzZXJfaGFzaCI6ImM2MDBiOWY1OGFmNTIwODQ2ZjEyNzRhYjEwMWQwYzgzOGQyZGIxYjgifQ==", "expire_date": "2020-08-03T20:47:38.689Z"}}, {"model": "sessions.session", "pk": "89f0ejfvwtijk1m2ataqy3sxdwr10npw", "fields": {"session_data": "OTYyZjQwODFlM2RmOWRlZjk2NDYyYTIzYTI2NGNhN2U2N2QwYTJiNTp7InNvY2lhbGFjY291bnRfc3RhdGUiOlt7InByb2Nlc3MiOiJsb2dpbiIsInNjb3BlIjoiIiwiYXV0aF9wYXJhbXMiOiIifSwic2t4UFpnaEF4alE0Il19", "expire_date": "2020-07-30T16:47:11.568Z"}}, {"model": "sessions.session", "pk": "8g227dz0m12ww4r774ynrn4vmwsly317", "fields": {"session_data": "YmMyYjc0ZTcwODNlYTA0MzgyNmU0ZTY0Y2FjYjA4Y2VhMTI1MDVkZTp7InNvY2lhbGFjY291bnRfc3RhdGUiOlt7InByb2Nlc3MiOiJsb2dpbiIsInNjb3BlIjoiIiwiYXV0aF9wYXJhbXMiOiIifSwiVVV4RHA0c2xDSWR5Il19", "expire_date": "2020-08-03T08:38:47.471Z"}}, {"model": "sessions.session", "pk": "8ge83zz8y4iyz5vgexrpsnmee3310uig", "fields": {"session_data": "MTg0MjlhZDU3YTBmZTkxYTM1NzVkMWU0ZjgxNjFmYjg3MDBlMmZkNjp7Il9hdXRoX3VzZXJfaWQiOiI2OSIsIl9hdXRoX3VzZXJfYmFja2VuZCI6ImRqYW5nby5jb250cmliLmF1dGguYmFja2VuZHMuTW9kZWxCYWNrZW5kIiwiX2F1dGhfdXNlcl9oYXNoIjoiMTljNzc2ZDYxYjM3NzcxM2UwZjU5MzljYmUzM2E1Y2VhMGQ2YmNhMiJ9", "expire_date": "2020-08-04T07:05:30.459Z"}}, {"model": "sessions.session", "pk": "8kfaxe396jnfkui4binw1vd5teztes6a", "fields": {"session_data": "ZTgyMTE5OWVhMjk4ZGQ1ZGIzY2IxODAxZmUxYWJkZmM2Y2U5NmFiZjp7Il9hdXRoX3VzZXJfaWQiOiI1MyIsIl9hdXRoX3VzZXJfYmFja2VuZCI6ImRqYW5nby5jb250cmliLmF1dGguYmFja2VuZHMuTW9kZWxCYWNrZW5kIiwiX2F1dGhfdXNlcl9oYXNoIjoiZWVlYjc0MDg4Y2QwYmJiNjBjYmQ5ZDYyMGE4Y2U1ZTBhZmNiODQ4MyJ9", "expire_date": "2020-08-03T20:43:46.628Z"}}, {"model": "sessions.session", "pk": "8qawug6cuw8s4spo3wb3h96su2m73xlb", "fields": {"session_data": "MTE4ZjI0NDQ2ZTI1MmRiZmQxOGViOWYzOGU1Y2NmNTlmN2E4Y2Y0Zjp7ImFjY291bnRfdmVyaWZpZWRfZW1haWwiOm51bGwsIl9hdXRoX3VzZXJfaWQiOiI1NSIsIl9hdXRoX3VzZXJfYmFja2VuZCI6ImFsbGF1dGguYWNjb3VudC5hdXRoX2JhY2tlbmRzLkF1dGhlbnRpY2F0aW9uQmFja2VuZCIsIl9hdXRoX3VzZXJfaGFzaCI6IjBkN2VjMjI5NDRiN2Q0MWViMDdkMDk4ZWQ2NjIzZTA0OTEyYWJmMWMifQ==", "expire_date": "2020-08-03T20:50:30.416Z"}}, {"model": "sessions.session", "pk": "a0nczqq7jjctv579yiglkszjz6fwhcse", "fields": {"session_data": "NDczNGZhZmUxNmQ2OTNiNGM4MGUwMWZjMDY5YWRjZjlkMzlkYjA5MTp7InNvY2lhbGFjY291bnRfc3RhdGUiOlt7InByb2Nlc3MiOiJsb2dpbiIsInNjb3BlIjoiIiwiYXV0aF9wYXJhbXMiOiIifSwiR3A0M1VITk42S1RsIl19", "expire_date": "2020-08-04T09:53:21.378Z"}}, {"model": "sessions.session", "pk": "a4c3cwkgjmwdgnygxrllzhsr25s2zth6", "fields": {"session_data": "ODRjMjM5MTkyZWFlMGQ1ZmRiNjBhNDdmZjZkYTgwYjFhZTE0YmUwYTp7Il9hdXRoX3VzZXJfaWQiOiIxIiwiX2F1dGhfdXNlcl9iYWNrZW5kIjoiZGphbmdvLmNvbnRyaWIuYXV0aC5iYWNrZW5kcy5Nb2RlbEJhY2tlbmQiLCJfYXV0aF91c2VyX2hhc2giOiIxOWRmZWVmYjZhYTA0YWE3NTQ4Yjg4Y2NkZWM2ZWFhM2YwODViZmEzIn0=", "expire_date": "2020-08-20T11:19:29.925Z"}}, {"model": "sessions.session", "pk": "a8thusmbbl1sv5lvng0iw5zdmr3wxk7t", "fields": {"session_data": "MzRiNGM1MDNiMWRmNGY2NWE0OTVkNTdhYWFkOWM3YjM0YWNlZmY5Yjp7Il9hdXRoX3VzZXJfaWQiOiI3MSIsIl9hdXRoX3VzZXJfYmFja2VuZCI6ImRqYW5nby5jb250cmliLmF1dGguYmFja2VuZHMuTW9kZWxCYWNrZW5kIiwiX2F1dGhfdXNlcl9oYXNoIjoiNjczYzM3ZDZlNDQxOTUwYTkxZGE1NjQxNWU2ODRmZDhhOTg5NWZjNSJ9", "expire_date": "2020-08-04T11:35:40.006Z"}}, {"model": "sessions.session", "pk": "acwy9tq7eytb1ayroviib3dylff012ey", "fields": {"session_data": "MmNjZDgyNDIzNWJhZDNmYTFhMjQ2YzFhZGUwNzgzYWU5NmQwMTNlMjp7ImFjY291bnRfdmVyaWZpZWRfZW1haWwiOm51bGwsIl9hdXRoX3VzZXJfaWQiOiI0MSIsIl9hdXRoX3VzZXJfYmFja2VuZCI6ImFsbGF1dGguYWNjb3VudC5hdXRoX2JhY2tlbmRzLkF1dGhlbnRpY2F0aW9uQmFja2VuZCIsIl9hdXRoX3VzZXJfaGFzaCI6IjFkNjRmN2ZjNDUyY2FhMzdmMzhjZWI1ZmZmZjIzMjUyMzYxODk4ODMifQ==", "expire_date": "2020-08-03T10:40:24.501Z"}}, {"model": "sessions.session", "pk": "aw2jtqvcs7x14e1vz4uv9zd1dxye0pnc", "fields": {"session_data": "ZWZmOGQxNDRlYTAyNzJmMWExNDk3YWJhZTI5MTVjYjVhNzc4YzY0ODp7ImFjY291bnRfdmVyaWZpZWRfZW1haWwiOm51bGwsIl9hdXRoX3VzZXJfaWQiOiIyMyIsIl9hdXRoX3VzZXJfYmFja2VuZCI6ImFsbGF1dGguYWNjb3VudC5hdXRoX2JhY2tlbmRzLkF1dGhlbnRpY2F0aW9uQmFja2VuZCIsIl9hdXRoX3VzZXJfaGFzaCI6IjYwNzUwZmY2ZTRkYzBjZTYxZmQ3NDM4NzAxMjA0ZGVlOGM1ZTg0MmIifQ==", "expire_date": "2020-08-03T02:54:27.501Z"}}, {"model": "sessions.session", "pk": "b74k9t1extb3ijqvnb6ddrvid77yx1om", "fields": {"session_data": "Yjk2ZTNmODc1MTg3Mjc1MzljZGIyMDQwMWVjODEzMzYzY2EwMWMzYzp7InNvY2lhbGFjY291bnRfc3RhdGUiOlt7InByb2Nlc3MiOiJsb2dpbiIsInNjb3BlIjoiIiwiYXV0aF9wYXJhbXMiOiIifSwiMndLWGl6WkU1Mk03Il19", "expire_date": "2020-08-04T09:50:15.909Z"}}, {"model": "sessions.session", "pk": "bm6a40u67rhj5u1v1pc222joa2aadqg9", "fields": {"session_data": "YmIzNzA2NjM5OGJkYmQyN2VhZmFjODI3MWIxZGQ4YjkzZmVhOWMwYzp7InNvY2lhbGFjY291bnRfc3RhdGUiOlt7InByb2Nlc3MiOiJsb2dpbiIsInNjb3BlIjoiIiwiYXV0aF9wYXJhbXMiOiIifSwicXc5dFVrMlVkQWYzIl0sIl9hdXRoX3VzZXJfaWQiOiIxIiwiX2F1dGhfdXNlcl9iYWNrZW5kIjoiZGphbmdvLmNvbnRyaWIuYXV0aC5iYWNrZW5kcy5Nb2RlbEJhY2tlbmQiLCJfYXV0aF91c2VyX2hhc2giOiIxOWRmZWVmYjZhYTA0YWE3NTQ4Yjg4Y2NkZWM2ZWFhM2YwODViZmEzIn0=", "expire_date": "2020-08-04T19:03:29.955Z"}}, {"model": "sessions.session", "pk": "brisrazzajqivvphmcope6y6yucdc4n7", "fields": {"session_data": "MmFjNzg5NDdiNDcyMjZjMDU3MmY5NGVlMDZhNjM2MzlkZjAwZGZlYTp7Il9hdXRoX3VzZXJfaWQiOiI1MCIsIl9hdXRoX3VzZXJfYmFja2VuZCI6ImRqYW5nby5jb250cmliLmF1dGguYmFja2VuZHMuTW9kZWxCYWNrZW5kIiwiX2F1dGhfdXNlcl9oYXNoIjoiZTU2YThjMjZiNTVlNDg1OGZiYzY2MmViNWQzZjliOTlmNThkOWMxNCJ9", "expire_date": "2020-08-03T18:36:06.063Z"}}, {"model": "sessions.session", "pk": "bwjxixkzz6wx5nhywq4btet717ws5aye", "fields": {"session_data": "ZWY1OWNhOGIwM2YyMmZkMGM0MGE5ZmFkZTJmNGU4MjllMTkzZWJlZjp7InNvY2lhbGFjY291bnRfc3RhdGUiOlt7InByb2Nlc3MiOiJsb2dpbiIsInNjb3BlIjoiIiwiYXV0aF9wYXJhbXMiOiIifSwiSGFOWGM4QW5KbFZjIl19", "expire_date": "2020-08-06T11:08:42.707Z"}}, {"model": "sessions.session", "pk": "c74868e0ky0fmy9w8mfswrb26u01khsw", "fields": {"session_data": "NzIyNzU1OWVhYTQ1ZjM2OTE4NDE0NjhlY2VjYTM2ZGVjOGY1NTRmNzp7Il9hdXRoX3VzZXJfaWQiOiI4IiwiX2F1dGhfdXNlcl9iYWNrZW5kIjoiZGphbmdvLmNvbnRyaWIuYXV0aC5iYWNrZW5kcy5Nb2RlbEJhY2tlbmQiLCJfYXV0aF91c2VyX2hhc2giOiI0M2RmMzMxYjUwYmJkY2VmYzJiNWQzMjY3ZDg1NTcxNGNkYTk4ZDg5In0=", "expire_date": "2020-08-02T22:25:09.325Z"}}, {"model": "sessions.session", "pk": "cdyqt31fiair66f2lgd1atk34qwuztz8", "fields": {"session_data": "NDZkOTVmYjhiNjIxNzU0YWZkNzU5ZjJlMjU2ZWY0NzQ1ODA2NTE3Yjp7Il9hdXRoX3VzZXJfaWQiOiI0NiIsIl9hdXRoX3VzZXJfYmFja2VuZCI6ImRqYW5nby5jb250cmliLmF1dGguYmFja2VuZHMuTW9kZWxCYWNrZW5kIiwiX2F1dGhfdXNlcl9oYXNoIjoiZWRlODdhM2NhMjBjZDAwYTBiNmIwYzNhNGJhOGIzNGM0YjdmOGY5NyJ9", "expire_date": "2020-08-03T16:16:09.855Z"}}, {"model": "sessions.session", "pk": "cfefx0kc17wji3txws5gt71m0cjck2c9", "fields": {"session_data": "OTRhZjZjYTU5NmJiNzAwNjUxMDAzZmQ2NTA1MGY2NDdmNWFkYTkxNjp7InNvY2lhbGFjY291bnRfc3RhdGUiOlt7Im5leHQiOiIvYXV0aG9yIiwicHJvY2VzcyI6ImxvZ2luIiwic2NvcGUiOiIiLCJhdXRoX3BhcmFtcyI6IiJ9LCJybVZHUG1semttNHAiXX0=", "expire_date": "2020-08-04T09:55:45.743Z"}}, {"model": "sessions.session", "pk": "ctzfe14tle4vtyq3nr0fqgvxbuid0j5j", "fields": {"session_data": "NDY3NTUwOTdmM2UyNGMwNjc3NjA4ZWEwNjAxMmUxYTgzZDQxMjgzYzp7Il9hdXRoX3VzZXJfaWQiOiI2NyIsIl9hdXRoX3VzZXJfYmFja2VuZCI6ImRqYW5nby5jb250cmliLmF1dGguYmFja2VuZHMuTW9kZWxCYWNrZW5kIiwiX2F1dGhfdXNlcl9oYXNoIjoiNjA2ZjZhZmVkZGE1NGZjZTY1Y2UwMGQ3ODA5OTQxODQ1ZTI2MGVjOSJ9", "expire_date": "2020-08-04T00:24:01.430Z"}}, {"model": "sessions.session", "pk": "didauxxbl5ws3rk51y4zzgwfapk2zkdt", "fields": {"session_data": "ZWJiOTgzMDk0NmM4YThmMzM2MjJhZTliMzU4YTRkZTVhNmZlMTBiYjp7Il9hdXRoX3VzZXJfaWQiOiI3OCIsIl9hdXRoX3VzZXJfYmFja2VuZCI6ImRqYW5nby5jb250cmliLmF1dGguYmFja2VuZHMuTW9kZWxCYWNrZW5kIiwiX2F1dGhfdXNlcl9oYXNoIjoiYzRiNDFiOTViMWUxNTdjNmYwNDM5ZjgxYWQ5M2MxOWI0OWM2ODgwZSJ9", "expire_date": "2020-08-06T14:53:43.637Z"}}, {"model": "sessions.session", "pk": "dwcfwxsii92zmhgb97c6rntzu8qrlp65", "fields": {"session_data": "ZDUzNmM0ZWM4MTg5NTlhMGQ3Zjk5MjY4MjZmZWZlODUzNTVhYjhhMTp7Il9hdXRoX3VzZXJfaWQiOiIxOSIsIl9hdXRoX3VzZXJfYmFja2VuZCI6ImRqYW5nby5jb250cmliLmF1dGguYmFja2VuZHMuTW9kZWxCYWNrZW5kIiwiX2F1dGhfdXNlcl9oYXNoIjoiZGFjNzFkMDY2MDA0ZWY0Y2FjYTFmMzAyN2MyZDAzMjlmMTY5MDE2ZSJ9", "expire_date": "2020-08-03T01:23:28.870Z"}}, {"model": "sessions.session", "pk": "dyy3vk9qrsd9vwbsdfn47exd44l3xi2a", "fields": {"session_data": "YTdhY2RmMWFiZWMzNzU0MzdiMTAzN2Y2ZDUxNGRlZDkxYzI1MjY3Njp7InNvY2lhbGFjY291bnRfc3RhdGUiOlt7Im5leHQiOiIvdXBsb2FkIiwicHJvY2VzcyI6ImxvZ2luIiwic2NvcGUiOiIiLCJhdXRoX3BhcmFtcyI6IiJ9LCJjVG11N2NQQXFxVXciXX0=", "expire_date": "2020-08-04T09:57:44.749Z"}}, {"model": "sessions.session", "pk": "e0664ap8gxxki41c8lq0ufyjt48svodp", "fields": {"session_data": "Yzc2Y2IxMTcyODkxMmZlMmUyYjA3MDc4NmJmODEwNjcwODQ0Zjg3Njp7Il9hdXRoX3VzZXJfaWQiOiI3MiIsIl9hdXRoX3VzZXJfYmFja2VuZCI6ImRqYW5nby5jb250cmliLmF1dGguYmFja2VuZHMuTW9kZWxCYWNrZW5kIiwiX2F1dGhfdXNlcl9oYXNoIjoiYTcyZDUzMGU3YzE1YzYyNzA2MzA4MjQ3ODJkMDJjZGM4MTcxMjUyNCJ9", "expire_date": "2020-08-05T07:01:48.324Z"}}, {"model": "sessions.session", "pk": "eboypyoc500vvkj4hnqqh8xzh3971v6q", "fields": {"session_data": "MWZmZjVhY2Q1ZTJlODNmM2FiMTY1YzYzMmJhNGE0YmYxOTY0MzAzMDp7Il9hdXRoX3VzZXJfaWQiOiI2MyIsIl9hdXRoX3VzZXJfYmFja2VuZCI6ImRqYW5nby5jb250cmliLmF1dGguYmFja2VuZHMuTW9kZWxCYWNrZW5kIiwiX2F1dGhfdXNlcl9oYXNoIjoiNDgwNDUyM2MwYTc4ZWZjMTY5NzBiYjRlMWU2NWZhZjNiZGJmOTA2OCJ9", "expire_date": "2020-08-03T22:51:48.721Z"}}, {"model": "sessions.session", "pk": "ecg0enzlhiqjw8dwm4qffu6kpv2e0mw7", "fields": {"session_data": "YzAzMGFkYmVlZTExNTEyM2Q2ODc3NGJmYWQ0YTJmNTA4ZTM0MTAzYjp7ImFjY291bnRfdmVyaWZpZWRfZW1haWwiOm51bGwsIl9hdXRoX3VzZXJfaWQiOiIxMSIsIl9hdXRoX3VzZXJfYmFja2VuZCI6ImFsbGF1dGguYWNjb3VudC5hdXRoX2JhY2tlbmRzLkF1dGhlbnRpY2F0aW9uQmFja2VuZCIsIl9hdXRoX3VzZXJfaGFzaCI6ImRlYTMwZTIyZmQ2MDBmNWEyM2ZkZWYyZDZlNmM4MDRlNzUxNjc5MGEifQ==", "expire_date": "2020-08-02T22:38:56.300Z"}}, {"model": "sessions.session", "pk": "eppdtg0e0b171hhrq5cgt9z4p0gcpdr5", "fields": {"session_data": "NTFjNWQxZmU0YmZkYjNhNzdmMTc1MjMwZTQ5NjdmZjA4ZjUyYWZiZTp7InNvY2lhbGFjY291bnRfc3RhdGUiOlt7Im5leHQiOiIvdXBsb2FkIiwicHJvY2VzcyI6ImxvZ2luIiwic2NvcGUiOiIiLCJhdXRoX3BhcmFtcyI6IiJ9LCJVRm5RVlZDaUJoMWwiXX0=", "expire_date": "2020-08-04T10:01:40.088Z"}}, {"model": "sessions.session", "pk": "f3v9jvwy9r75e9apu1hjwyz39w7jjqrk", "fields": {"session_data": "N2Y4N2JlODNkZDYzYTc1NjI5NDE3MDExNjBhZjU0ZmNiYjk0N2VlZTp7InNvY2lhbGFjY291bnRfc3RhdGUiOlt7Im5leHQiOiIvam9pbi9Gb3JleCIsInByb2Nlc3MiOiJsb2dpbiIsInNjb3BlIjoiIiwiYXV0aF9wYXJhbXMiOiIifSwiYVRqMUV4VUw5c1lrIl19", "expire_date": "2020-08-04T09:58:29.819Z"}}, {"model": "sessions.session", "pk": "f641x2n4qthv8n3f7x143hagys4njd11", "fields": {"session_data": "MDBmMjZlYjg1MmQ3ZDM2ZmFlOTI1MjUzMjJiZGI2MzRmNTU0YmIxYjp7Il9hdXRoX3VzZXJfaWQiOiIxNCIsIl9hdXRoX3VzZXJfYmFja2VuZCI6ImRqYW5nby5jb250cmliLmF1dGguYmFja2VuZHMuTW9kZWxCYWNrZW5kIiwiX2F1dGhfdXNlcl9oYXNoIjoiYjM2MmEzMWY0ZTgwMTgxYzFkZDg3MWZhN2YxOThmMmQ5ODVjMTAxNyJ9", "expire_date": "2020-08-02T23:03:45.408Z"}}, {"model": "sessions.session", "pk": "ffbwznifvp9bt4k91ll5tq6rfajkcq2c", "fields": {"session_data": "OWZiN2I2MDQ0Zjk2MTM4ODYyZjlmNWEzNjRlMTUwYjVlMzYyNTc4Mjp7InNvY2lhbGFjY291bnRfc3RhdGUiOlt7Im5leHQiOiIvam9pbi9Gb3JleCIsInByb2Nlc3MiOiJsb2dpbiIsInNjb3BlIjoiIiwiYXV0aF9wYXJhbXMiOiIifSwienRMR21kcjRyZFpaIl19", "expire_date": "2020-08-04T09:58:37.742Z"}}, {"model": "sessions.session", "pk": "fgne82ijsd361iwqgk035ep3sw7ostmj", "fields": {"session_data": "MWM1NDUwYTQxYmJlNmJjOTA3MDI2Y2QwNTViYjVlNjRmZmY3YzgzYzp7Il9hdXRoX3VzZXJfaWQiOiIzOCIsIl9hdXRoX3VzZXJfYmFja2VuZCI6ImRqYW5nby5jb250cmliLmF1dGguYmFja2VuZHMuTW9kZWxCYWNrZW5kIiwiX2F1dGhfdXNlcl9oYXNoIjoiOTQ1OWI2MmYzNzBkYTJiMjkxOGQzMjdmYWQ4Y2I3MjIyMTVmOGIxYiJ9", "expire_date": "2020-08-03T09:22:23.506Z"}}, {"model": "sessions.session", "pk": "fgw0bvfm0xcifbg6mbxqy9rd446kzvkl", "fields": {"session_data": "ZWFhMzlhNmJlNGMwMTAzZjFjZmI4MDViMWUyMmI2ZWM1NTE3ZDU0NDp7Il9hdXRoX3VzZXJfaWQiOiIyNCIsIl9hdXRoX3VzZXJfYmFja2VuZCI6ImRqYW5nby5jb250cmliLmF1dGguYmFja2VuZHMuTW9kZWxCYWNrZW5kIiwiX2F1dGhfdXNlcl9oYXNoIjoiNjJiNmVhMWZmMTFhNmYzOGQ0MTUyOGRiNTdlOGE0ZWExNmQ4NGM2MyJ9", "expire_date": "2020-08-03T03:03:17.073Z"}}, {"model": "sessions.session", "pk": "flu96v5ujj9iqelldbl97ydh8i4fjbi7", "fields": {"session_data": "Yzc4YzljMjkyMWRkMGU1MjhmYzVkOTRjNTIxNTczMThkZmEyZWU2MTp7InNvY2lhbGFjY291bnRfc3RhdGUiOlt7Im5leHQiOiIvc2luZ2xlLmh0bWwiLCJwcm9jZXNzIjoibG9naW4iLCJzY29wZSI6IiIsImF1dGhfcGFyYW1zIjoiIn0sIm5oVGJVcDBDMzFqciJdfQ==", "expire_date": "2020-08-04T10:01:28.443Z"}}, {"model": "sessions.session", "pk": "fv93snuc2ztmze3fl9sxzvd0ilbv6hhm", "fields": {"session_data": "Y2RhZjRlYTFjYjYwZTk5MTkwYzA0OWNiNDJiMjA4MjA5N2IxMjkzZjp7InNvY2lhbGFjY291bnRfc3RhdGUiOlt7Im5leHQiOiIvam9pbl9jb3Vyc2UiLCJwcm9jZXNzIjoibG9naW4iLCJzY29wZSI6IiIsImF1dGhfcGFyYW1zIjoiIn0sIjZrcHRGdXlBMFlvZyJdfQ==", "expire_date": "2020-08-05T20:56:39.236Z"}}, {"model": "sessions.session", "pk": "ghye25e601dw928h6yh0mncw9owtj626", "fields": {"session_data": "ZjNiMjY4ZWJiNzEwZDJjNzIzNjg2YWM5Y2ZhOWYxNjkxNjE2YTRhMDp7InNvY2lhbGFjY291bnRfc3RhdGUiOlt7Im5leHQiOiIvam9pbl9jb3Vyc2UiLCJwcm9jZXNzIjoibG9naW4iLCJzY29wZSI6IiIsImF1dGhfcGFyYW1zIjoiIn0sImx5TUFWWHltV3lyZyJdfQ==", "expire_date": "2020-08-04T09:49:33.745Z"}}, {"model": "sessions.session", "pk": "gnjgxqiyc96o675gf5a17h0lg18wn1es", "fields": {"session_data": "NDBjYWIwMzQ1MWNhZWRhZjNmNjM4NmFmMzI1MzEzNThlNTgyYmFiMjp7InNvY2lhbGFjY291bnRfc3RhdGUiOlt7Im5leHQiOiIvam9pbl9jb3Vyc2UiLCJwcm9jZXNzIjoibG9naW4iLCJzY29wZSI6IiIsImF1dGhfcGFyYW1zIjoiIn0sIlFBNDdEM1JqbG5RdCJdfQ==", "expire_date": "2020-08-04T09:52:25.826Z"}}, {"model": "sessions.session", "pk": "gnknbj3sv10lyssthurlg2cyx8plybvz", "fields": {"session_data": "MThiZmM0NzRlMTExOWU1MWMxMzRhMjMyOTA3MTkzMDNhZTEyMGNhMDp7ImFjY291bnRfdmVyaWZpZWRfZW1haWwiOm51bGwsIl9hdXRoX3VzZXJfaWQiOiIzNSIsIl9hdXRoX3VzZXJfYmFja2VuZCI6ImFsbGF1dGguYWNjb3VudC5hdXRoX2JhY2tlbmRzLkF1dGhlbnRpY2F0aW9uQmFja2VuZCIsIl9hdXRoX3VzZXJfaGFzaCI6IjJiZmI4MGZjYmQyNTA0ODg5ZDdkZTQxYWZlMGM5ZmI0ODBmYjJmNDIifQ==", "expire_date": "2020-08-03T09:05:47.585Z"}}, {"model": "sessions.session", "pk": "gxcty1lkspxf027ntd6rqs2j35rsa4af", "fields": {"session_data": "ODRjMjM5MTkyZWFlMGQ1ZmRiNjBhNDdmZjZkYTgwYjFhZTE0YmUwYTp7Il9hdXRoX3VzZXJfaWQiOiIxIiwiX2F1dGhfdXNlcl9iYWNrZW5kIjoiZGphbmdvLmNvbnRyaWIuYXV0aC5iYWNrZW5kcy5Nb2RlbEJhY2tlbmQiLCJfYXV0aF91c2VyX2hhc2giOiIxOWRmZWVmYjZhYTA0YWE3NTQ4Yjg4Y2NkZWM2ZWFhM2YwODViZmEzIn0=", "expire_date": "2020-08-09T16:10:02.540Z"}}, {"model": "sessions.session", "pk": "h29xyug76zr81132cjp0x6k51x6r9la2", "fields": {"session_data": "ZDVmZTJiNGI4YzUwMWRlNmMwMzU1MTlkZDk2ZmM4OTM1NTJmMWI2ODp7InNvY2lhbGFjY291bnRfc3RhdGUiOlt7Im5leHQiOiIvam9pbl9jb3Vyc2UiLCJwcm9jZXNzIjoibG9naW4iLCJzY29wZSI6IiIsImF1dGhfcGFyYW1zIjoiIn0sIlN3SkhkQ3RDckZGdCJdfQ==", "expire_date": "2020-08-04T09:49:20.638Z"}}, {"model": "sessions.session", "pk": "h7i01ch8vawfqgbwk2dtmz83ix40dr84", "fields": {"session_data": "YTYyMzIwODdhYTk2MmM2ZDU4ZWE5OGFkZjQyMjExOTE5NmZjZWI1ZTp7InNvY2lhbGFjY291bnRfc3RhdGUiOlt7Im5leHQiOiIvam9pbi9XZWJfRGV2ZWxvcG1lbnQiLCJwcm9jZXNzIjoibG9naW4iLCJzY29wZSI6IiIsImF1dGhfcGFyYW1zIjoiIn0sInFxa2ZCcmhvY25BdSJdfQ==", "expire_date": "2020-08-04T09:55:14.939Z"}}, {"model": "sessions.session", "pk": "h96vpfcsdwmximlur7ffafjnjzi8klue", "fields": {"session_data": "ZTRiOWMxOTFjMzU2YjhlYWQzYzNmMDIwOTRhYTY1NWU4ZTM2YjhiZTp7InNvY2lhbGFjY291bnRfc3RhdGUiOlt7Im5leHQiOiIvam9pbi9XZWJfRGV2ZWxvcG1lbnQiLCJwcm9jZXNzIjoibG9naW4iLCJzY29wZSI6IiIsImF1dGhfcGFyYW1zIjoiIn0sIm1zeGU0RFM5bWNyNiJdfQ==", "expire_date": "2020-08-03T18:10:48.661Z"}}, {"model": "sessions.session", "pk": "ha8lv7gidndjezncpm8ztdm60jt9lv2y", "fields": {"session_data": "NDIwMzBlZThiMGQwM2JlZDMwNTYwYzE2OGFiMDY2OWZmOGM1YzM1Zjp7ImFjY291bnRfdmVyaWZpZWRfZW1haWwiOm51bGwsImFjY291bnRfdXNlciI6IjIxIiwiX2F1dGhfdXNlcl9pZCI6IjczIiwiX2F1dGhfdXNlcl9iYWNrZW5kIjoiYWxsYXV0aC5hY2NvdW50LmF1dGhfYmFja2VuZHMuQXV0aGVudGljYXRpb25CYWNrZW5kIiwiX2F1dGhfdXNlcl9oYXNoIjoiZjgwN2E4ZTc0MTRhOTliODc1OTAzMTczYzMzNDlhMDJmMWNhNmM5MyJ9", "expire_date": "2020-08-05T08:57:16.620Z"}}, {"model": "sessions.session", "pk": "hrjri876w2j069a8lz55ewix8zliilkt", "fields": {"session_data": "NGM1MDRlMmY5ZjM3NGM2NzU4ZWNlMTU5OTdiNjQ4YWQ3ZTYzYWI5Zjp7ImFjY291bnRfdmVyaWZpZWRfZW1haWwiOm51bGwsIl9hdXRoX3VzZXJfaWQiOiI1MiIsIl9hdXRoX3VzZXJfYmFja2VuZCI6ImFsbGF1dGguYWNjb3VudC5hdXRoX2JhY2tlbmRzLkF1dGhlbnRpY2F0aW9uQmFja2VuZCIsIl9hdXRoX3VzZXJfaGFzaCI6IjBkNGQ4OWNlMzEyNDMxNjU5MDI0ZjcxOGUwNjEwZTdhOTM5ZTNiNWEifQ==", "expire_date": "2020-08-03T20:40:00.621Z"}}, {"model": "sessions.session", "pk": "hz602jqdzwsmab5wn5k2qm60y46drayb", "fields": {"session_data": "Mjg0NDdkOGZiZGVmYTdjYjMxODdhYjU2MTM4MmIyNWVjNWZkZDI2NDp7Il9hdXRoX3VzZXJfaWQiOiI1OSIsIl9hdXRoX3VzZXJfYmFja2VuZCI6ImRqYW5nby5jb250cmliLmF1dGguYmFja2VuZHMuTW9kZWxCYWNrZW5kIiwiX2F1dGhfdXNlcl9oYXNoIjoiOGI5OGQyNmFmYmRlMjhlNmM0YWE0NDBiMTk4NzFlMzEzNjBiYWYxMyJ9", "expire_date": "2020-08-03T21:16:35.058Z"}}, {"model": "sessions.session", "pk": "i3e5o75ahqacm062hklcszllv9ho77kq", "fields": {"session_data": "YmJiNzk3ZTJmMDJjNGVjYTQ2ZDdlNDM3N2EzYmJkNjY1YzBhYTgwNjp7Il9hdXRoX3VzZXJfaWQiOiI3NiIsIl9hdXRoX3VzZXJfYmFja2VuZCI6ImRqYW5nby5jb250cmliLmF1dGguYmFja2VuZHMuTW9kZWxCYWNrZW5kIiwiX2F1dGhfdXNlcl9oYXNoIjoiZjgxZTcyNzMyYTA3M2U1MGRjNmFlMzRjMTY1ZDYwN2Y3OTA3ZDVlOCJ9", "expire_date": "2020-08-05T22:43:49.593Z"}}, {"model": "sessions.session", "pk": "iatjv9ix6k896mclgzhbsrzolxq2uja1", "fields": {"session_data": "OGJmOTA1OWM0ZTRmOTkzOTUyZjRiNzI0OTQzNWNhMTc3N2IxM2I3MDp7Il9hdXRoX3VzZXJfaWQiOiIzMyIsIl9hdXRoX3VzZXJfYmFja2VuZCI6ImRqYW5nby5jb250cmliLmF1dGguYmFja2VuZHMuTW9kZWxCYWNrZW5kIiwiX2F1dGhfdXNlcl9oYXNoIjoiNTFmMjFmZjdlMzYxY2FmMjJlNTlkNTg5YmM4NjcyYTYwMjYzYjM0ZSJ9", "expire_date": "2020-08-03T17:47:46.540Z"}}, {"model": "sessions.session", "pk": "j4g8n24v4xvy8dsz8s03r4870wuin2c2", "fields": {"session_data": "ZjE2YzIyYmFkMGViZTJiOWVhMDkxMzAzYzIwZTdiOTlkM2FjMjdiZDp7Il9hdXRoX3VzZXJfaWQiOiIxOCIsIl9hdXRoX3VzZXJfYmFja2VuZCI6ImRqYW5nby5jb250cmliLmF1dGguYmFja2VuZHMuTW9kZWxCYWNrZW5kIiwiX2F1dGhfdXNlcl9oYXNoIjoiZjg4ZDhkYjhmOTkxNGQzYjA2ODQyMjQzODk1MDY1Yjk5NGMyYjdmMSJ9", "expire_date": "2020-08-02T23:52:27.268Z"}}, {"model": "sessions.session", "pk": "j7pt0ff7m8be9k6ofb9kinyb9fdnqqol", "fields": {"session_data": "YjQ5MzlmZDJlOThhNDUzMTE1MjdkMWQ3ODY0MmNlNTkxNWZjNzU4MDp7Il9hdXRoX3VzZXJfaWQiOiI0OCIsIl9hdXRoX3VzZXJfYmFja2VuZCI6ImRqYW5nby5jb250cmliLmF1dGguYmFja2VuZHMuTW9kZWxCYWNrZW5kIiwiX2F1dGhfdXNlcl9oYXNoIjoiOGVhY2RkN2FjNDhkYTA3YzQ5OGFiYjMzMDhjZGRjZjNiNzNlOWQzNyJ9", "expire_date": "2020-08-03T18:08:08.610Z"}}, {"model": "sessions.session", "pk": "jo94bvzhqmcvs13wk2qpu6iu3xfw2squ", "fields": {"session_data": "NzI3Zjk5NmMzNGI4NWUxMDA1NTFjNDA2OGE5ZGE1ODA1MjY2YjNhNzp7InNvY2lhbGFjY291bnRfc3RhdGUiOlt7Im5leHQiOiIvam9pbi9BSSIsInByb2Nlc3MiOiJsb2dpbiIsInNjb3BlIjoiIiwiYXV0aF9wYXJhbXMiOiIifSwibXc4c3ZaWlh3TWNzIl19", "expire_date": "2020-08-04T09:58:06.462Z"}}, {"model": "sessions.session", "pk": "jo9f1jhdbvfqi9qqrnhvl9ypky1gpv7u", "fields": {"session_data": "MjZlNDgwOGU3NjhjYjNjZDU4MmY1YTIxNzlhNTE1YjNkNDM0OTdjNTp7Il9hdXRoX3VzZXJfaWQiOiIzNyIsIl9hdXRoX3VzZXJfYmFja2VuZCI6ImRqYW5nby5jb250cmliLmF1dGguYmFja2VuZHMuTW9kZWxCYWNrZW5kIiwiX2F1dGhfdXNlcl9oYXNoIjoiYjdmM2Q4NTM0NzgzMzc4Mzc1YzYzNTgyYjNjNzEyMzVmYTFiZTYwNSJ9", "expire_date": "2020-08-07T02:20:04.936Z"}}, {"model": "sessions.session", "pk": "joglekuwzwgwx22nox0pkhx7nlksa3qa", "fields": {"session_data": "Njc3OGJhMzNmMGNjMjNhNWMyZjNmYjIzNTU5YmRlYWNlMmZmMWU0Yzp7ImFjY291bnRfdmVyaWZpZWRfZW1haWwiOm51bGwsImFjY291bnRfdXNlciI6IjI1IiwiX2F1dGhfdXNlcl9pZCI6Ijc3IiwiX2F1dGhfdXNlcl9iYWNrZW5kIjoiYWxsYXV0aC5hY2NvdW50LmF1dGhfYmFja2VuZHMuQXV0aGVudGljYXRpb25CYWNrZW5kIiwiX2F1dGhfdXNlcl9oYXNoIjoiMzA1YzQ0OWUwOGNjNmZkZGQ4MmQ2MmYzNmMxOTc4Yzg1Y2JhYzQ0MSJ9", "expire_date": "2020-08-06T07:22:25.348Z"}}, {"model": "sessions.session", "pk": "k06clugzkmmorvbclltn6kvbhyie7iqg", "fields": {"session_data": "NGIzNWY4MWQzYTM1ODY2ZTc4Y2ZmYzhmYmI1ZThmZDJjOTQ3M2U4ZTp7Il9hdXRoX3VzZXJfaWQiOiI1OCIsIl9hdXRoX3VzZXJfYmFja2VuZCI6ImRqYW5nby5jb250cmliLmF1dGguYmFja2VuZHMuTW9kZWxCYWNrZW5kIiwiX2F1dGhfdXNlcl9oYXNoIjoiODkwNzU3OTAxMGUwMTc0ZWU4NjQ3NmVkYmU1NmZhZjU3YzIxYWE1NyJ9", "expire_date": "2020-08-03T21:01:40.497Z"}}, {"model": "sessions.session", "pk": "kenapij4lz2m17pc6zix5nfu9d4q5fch", "fields": {"session_data": "Yjg2MDBjZjk2Y2FhZTdiOTI2MTYzN2Q5ZDU4MTAxYjAzZDg0MTY1MTp7Il9hdXRoX3VzZXJfaWQiOiI2NCIsIl9hdXRoX3VzZXJfYmFja2VuZCI6ImRqYW5nby5jb250cmliLmF1dGguYmFja2VuZHMuTW9kZWxCYWNrZW5kIiwiX2F1dGhfdXNlcl9oYXNoIjoiMzAwYzg2NGFlZDBlOTEwNjc0YzYyMjA4ZGRhOTVkMzc3ODIxNWU0NiJ9", "expire_date": "2020-08-03T22:59:05.236Z"}}, {"model": "sessions.session", "pk": "kmt1eid7mmatoe663qqw5mb0cjae1gk1", "fields": {"session_data": "MjIwOTJlN2YyNTVmYWJmNDMwZDk1N2M4ZWJlOWQwYzlmYjY2OWEyMzp7Il9hdXRoX3VzZXJfaWQiOiI0OSIsIl9hdXRoX3VzZXJfYmFja2VuZCI6ImRqYW5nby5jb250cmliLmF1dGguYmFja2VuZHMuTW9kZWxCYWNrZW5kIiwiX2F1dGhfdXNlcl9oYXNoIjoiYTY1Y2NlNzg5MDcwMDc0NDFiNWY5ODcyMTE5YzNjMDMxZGQ5ZTAxYSJ9", "expire_date": "2020-08-03T18:11:12.888Z"}}, {"model": "sessions.session", "pk": "kthvli36nl049ytoof1s3lnqgyf8n9ag", "fields": {"session_data": "NzUwOTM4OTA2NGViNzkwZGJkZWYwNjczYjgxOTdiYWU0MjYyNTk1MTp7Il9hdXRoX3VzZXJfaWQiOiI1NiIsIl9hdXRoX3VzZXJfYmFja2VuZCI6ImRqYW5nby5jb250cmliLmF1dGguYmFja2VuZHMuTW9kZWxCYWNrZW5kIiwiX2F1dGhfdXNlcl9oYXNoIjoiMGZjNGQ4MDU5MTJjNmM3MWY2MTcwNzIzZmExN2UwMzlhNWQwMjI0NiJ9", "expire_date": "2020-08-03T20:52:38.842Z"}}, {"model": "sessions.session", "pk": "ktif7rhl4hmdumxbka3c7z5dug0jymcy", "fields": {"session_data": "MjM1MjY1MjZkOTNlMzZkNmIyNDUyZTdhZDQxZWY5YTBhNTRkNmEzNzp7InNvY2lhbGFjY291bnRfc3RhdGUiOlt7Im5leHQiOiIvam9pbi9Gb3JleCIsInByb2Nlc3MiOiJsb2dpbiIsInNjb3BlIjoiIiwiYXV0aF9wYXJhbXMiOiIifSwiaWsyem01NTZQT0ZYIl19", "expire_date": "2020-07-30T16:47:15.779Z"}}, {"model": "sessions.session", "pk": "l23no3xoikwd2y6q4n76vxxke4bnu8zb", "fields": {"session_data": "ZTNmMzBjNTVkYmU2YjE4ZGUzNTY2ZmVhMGE1NTMyYTJlYjFiYjJhYjp7InNvY2lhbGFjY291bnRfc3RhdGUiOlt7Im5leHQiOiIvc2luZ2xlLmh0bWwiLCJwcm9jZXNzIjoibG9naW4iLCJzY29wZSI6IiIsImF1dGhfcGFyYW1zIjoiIn0sIkwzMHExR3B4YUpFYyJdfQ==", "expire_date": "2020-08-04T09:57:28.659Z"}}, {"model": "sessions.session", "pk": "lchud7x735qokkk6rark29iu1ur8tug7", "fields": {"session_data": "OWZjMGFkY2E2YjllZDA0OWM3NTk0ODJkYWYwNjFjOTRlM2RlNTgwMzp7ImFjY291bnRfdmVyaWZpZWRfZW1haWwiOm51bGwsIl9hdXRoX3VzZXJfaWQiOiIxMyIsIl9hdXRoX3VzZXJfYmFja2VuZCI6ImFsbGF1dGguYWNjb3VudC5hdXRoX2JhY2tlbmRzLkF1dGhlbnRpY2F0aW9uQmFja2VuZCIsIl9hdXRoX3VzZXJfaGFzaCI6Ijg4MWJiYWU5M2EwYjA0YjFlZjAwNGFlNzA0ZjczMDc2ODVkZmFmMDAifQ==", "expire_date": "2020-08-02T22:52:41.866Z"}}, {"model": "sessions.session", "pk": "lisn9m39ou6v2a3vzsf6iwbf4ctwuaa0", "fields": {"session_data": "MWRmOGVmMGY3NjlmNWM0N2VlMTRkNmZhNDVjNjcyNTQ4ZWMyOGVlMTp7Il9hdXRoX3VzZXJfaWQiOiI0NCIsIl9hdXRoX3VzZXJfYmFja2VuZCI6ImRqYW5nby5jb250cmliLmF1dGguYmFja2VuZHMuTW9kZWxCYWNrZW5kIiwiX2F1dGhfdXNlcl9oYXNoIjoiOTJkNWJlMDhlY2ViMWVmNTcxY2JlZmI2YjljYjliOWJmNjZjMGRlYiJ9", "expire_date": "2020-08-03T14:21:57.760Z"}}, {"model": "sessions.session", "pk": "lksn7j2p9iot480o5nqzy06jmx8hw8yc", "fields": {"session_data": "NzE0ZmZmYjBjMGFlNWY5NmU2MTM1NTZjYTM4MTM3NTgwMDkyN2U5NTp7Il9hdXRoX3VzZXJfaWQiOiI2MSIsIl9hdXRoX3VzZXJfYmFja2VuZCI6ImRqYW5nby5jb250cmliLmF1dGguYmFja2VuZHMuTW9kZWxCYWNrZW5kIiwiX2F1dGhfdXNlcl9oYXNoIjoiYTBmZTQzMmVlYTZkNTAyN2U0MGUzZDY1YWYwNGM1OTdhZmEyNGY2YiJ9", "expire_date": "2020-08-03T22:20:36.793Z"}}, {"model": "sessions.session", "pk": "llci9czdx6pc22loa7twyj6dg03xdfuz", "fields": {"session_data": "ODJlMTBiNWM3ZGRiZTNkNGZiMjc4OWU5ZmMyOTI2NmVlMGFiYTYzOTp7ImFjY291bnRfdmVyaWZpZWRfZW1haWwiOm51bGwsIl9hdXRoX3VzZXJfaWQiOiI0MiIsIl9hdXRoX3VzZXJfYmFja2VuZCI6ImFsbGF1dGguYWNjb3VudC5hdXRoX2JhY2tlbmRzLkF1dGhlbnRpY2F0aW9uQmFja2VuZCIsIl9hdXRoX3VzZXJfaGFzaCI6IjEyNThlODg2NWY1NmMwOGQzZjkxYTBlMzcyOTA1MTRiMzZmOTllZWEifQ==", "expire_date": "2020-08-03T10:54:09.732Z"}}, {"model": "sessions.session", "pk": "m0m9hthudogha86xkzujfdwpat520hfc", "fields": {"session_data": "MjZlNDgwOGU3NjhjYjNjZDU4MmY1YTIxNzlhNTE1YjNkNDM0OTdjNTp7Il9hdXRoX3VzZXJfaWQiOiIzNyIsIl9hdXRoX3VzZXJfYmFja2VuZCI6ImRqYW5nby5jb250cmliLmF1dGguYmFja2VuZHMuTW9kZWxCYWNrZW5kIiwiX2F1dGhfdXNlcl9oYXNoIjoiYjdmM2Q4NTM0NzgzMzc4Mzc1YzYzNTgyYjNjNzEyMzVmYTFiZTYwNSJ9", "expire_date": "2020-08-04T08:27:59.319Z"}}, {"model": "sessions.session", "pk": "m2fn3y677ymw66omi7zrwh24tucs05ef", "fields": {"session_data": "OTlmNjFmOWY3OTk0MDYxNGEwZDZmOGU1OTQ2NmVmMmQ5NjI0ZmIyYjp7Il9hdXRoX3VzZXJfaWQiOiI0MCIsIl9hdXRoX3VzZXJfYmFja2VuZCI6ImRqYW5nby5jb250cmliLmF1dGguYmFja2VuZHMuTW9kZWxCYWNrZW5kIiwiX2F1dGhfdXNlcl9oYXNoIjoiNTdkZTNlY2IxZjRmMzBhNmE0ZWRlOGJiOWIyMDBiMWRlZjE3M2EyZSJ9", "expire_date": "2020-08-03T10:16:57.996Z"}}, {"model": "sessions.session", "pk": "nbt2idn4zj0j0kiuwe5mzthqojds1gr3", "fields": {"session_data": "N2EwOGY1ODJlMTBjYjJiMTBlOWY0MmZkOGRhZTY3Njk1NjkwMjdjOTp7InNvY2lhbGFjY291bnRfc3RhdGUiOlt7Im5leHQiOiIvam9pbi9Gb3JleCIsInByb2Nlc3MiOiJsb2dpbiIsInNjb3BlIjoiIiwiYXV0aF9wYXJhbXMiOiIifSwiUkdoZXY5NmFiZEs4Il19", "expire_date": "2020-08-04T09:54:02.115Z"}}, {"model": "sessions.session", "pk": "nsxocta2gylo5br9hyrmzygdu40h423k", "fields": {"session_data": "MTM5MDFkMDE1Y2FhOWMwYjYwNmJmNzYzNDYyOTVhYzdkYzM1YTU0MDp7InNvY2lhbGFjY291bnRfc3RhdGUiOlt7Im5leHQiOiIvam9pbi9BSSIsInByb2Nlc3MiOiJsb2dpbiIsInNjb3BlIjoiIiwiYXV0aF9wYXJhbXMiOiIifSwiajhHWFBmc2thNUppIl19", "expire_date": "2020-08-04T09:58:14.669Z"}}, {"model": "sessions.session", "pk": "o2wv1wtxa1ve646rljonagxm1bcq80ok", "fields": {"session_data": "MzJiOGMyNGY0MTVjOTAxMTM4MDUwMjBjYTE5YWYwMTkwYzc1ZjUwYTp7InNvY2lhbGFjY291bnRfc3RhdGUiOlt7Im5leHQiOiIvdXBsb2FkIiwicHJvY2VzcyI6ImxvZ2luIiwic2NvcGUiOiIiLCJhdXRoX3BhcmFtcyI6IiJ9LCJ5N01ib040ZGNZMzIiXX0=", "expire_date": "2020-08-04T09:57:52.361Z"}}, {"model": "sessions.session", "pk": "o6z77l4aijcqinamlawt0llel5hwnw8s", "fields": {"session_data": "MWQwY2Y2ZmJhNzc0YTNhODg2YTc1ZjQyOGE3Y2ZmNmYwZDI1NjQwNDp7InNvY2lhbGFjY291bnRfc3RhdGUiOlt7InByb2Nlc3MiOiJsb2dpbiIsInNjb3BlIjoiIiwiYXV0aF9wYXJhbXMiOiIifSwidDRhd3lNN09MRkk2Il19", "expire_date": "2020-07-30T16:39:39.197Z"}}, {"model": "sessions.session", "pk": "p2yfedsctwyyr1imxiymq19mlvkfid4z", "fields": {"session_data": "MDBmMjZlYjg1MmQ3ZDM2ZmFlOTI1MjUzMjJiZGI2MzRmNTU0YmIxYjp7Il9hdXRoX3VzZXJfaWQiOiIxNCIsIl9hdXRoX3VzZXJfYmFja2VuZCI6ImRqYW5nby5jb250cmliLmF1dGguYmFja2VuZHMuTW9kZWxCYWNrZW5kIiwiX2F1dGhfdXNlcl9oYXNoIjoiYjM2MmEzMWY0ZTgwMTgxYzFkZDg3MWZhN2YxOThmMmQ5ODVjMTAxNyJ9", "expire_date": "2020-08-02T23:04:36.402Z"}}, {"model": "sessions.session", "pk": "pfpnhcgc916eg4kswqhxtwktlinr58yo", "fields": {"session_data": "MTEzNDA5NTFjYjI5ODZkZGQxZjE2YzZkOWVmZDJlYmY4ODJmNDY0OTp7InNvY2lhbGFjY291bnRfc3RhdGUiOlt7Im5leHQiOiIvYXV0aG9yIiwicHJvY2VzcyI6ImxvZ2luIiwic2NvcGUiOiIiLCJhdXRoX3BhcmFtcyI6IiJ9LCJ5cndxbjZnM0lsRGoiXX0=", "expire_date": "2020-08-04T10:00:06.122Z"}}, {"model": "sessions.session", "pk": "ppoehpbgdbuj02pu1xgy9l3dqegeayf5", "fields": {"session_data": "ODRjMjM5MTkyZWFlMGQ1ZmRiNjBhNDdmZjZkYTgwYjFhZTE0YmUwYTp7Il9hdXRoX3VzZXJfaWQiOiIxIiwiX2F1dGhfdXNlcl9iYWNrZW5kIjoiZGphbmdvLmNvbnRyaWIuYXV0aC5iYWNrZW5kcy5Nb2RlbEJhY2tlbmQiLCJfYXV0aF91c2VyX2hhc2giOiIxOWRmZWVmYjZhYTA0YWE3NTQ4Yjg4Y2NkZWM2ZWFhM2YwODViZmEzIn0=", "expire_date": "2020-08-10T13:46:51.247Z"}}, {"model": "sessions.session", "pk": "q5520v7vc0sjtybo13ypq8elpgdjyooo", "fields": {"session_data": "ODRjMjM5MTkyZWFlMGQ1ZmRiNjBhNDdmZjZkYTgwYjFhZTE0YmUwYTp7Il9hdXRoX3VzZXJfaWQiOiIxIiwiX2F1dGhfdXNlcl9iYWNrZW5kIjoiZGphbmdvLmNvbnRyaWIuYXV0aC5iYWNrZW5kcy5Nb2RlbEJhY2tlbmQiLCJfYXV0aF91c2VyX2hhc2giOiIxOWRmZWVmYjZhYTA0YWE3NTQ4Yjg4Y2NkZWM2ZWFhM2YwODViZmEzIn0=", "expire_date": "2020-08-15T11:52:43.086Z"}}, {"model": "sessions.session", "pk": "qi9amrwe6399l8n55h79y3fclgjef659", "fields": {"session_data": "ZGJkNWIzN2I3YTcwZTAyN2EzOTAxMWZhNjlmNDAzNTQ3NzQwNTljYjp7ImFjY291bnRfdmVyaWZpZWRfZW1haWwiOm51bGwsIl9hdXRoX3VzZXJfaWQiOiIzMiIsIl9hdXRoX3VzZXJfYmFja2VuZCI6ImFsbGF1dGguYWNjb3VudC5hdXRoX2JhY2tlbmRzLkF1dGhlbnRpY2F0aW9uQmFja2VuZCIsIl9hdXRoX3VzZXJfaGFzaCI6IjRhYjdiOTc1NWJlYzBkMzBmY2YyNzM2NDFmYmRiMzUzNDMyMWU5MTYifQ==", "expire_date": "2020-08-03T08:50:00.965Z"}}, {"model": "sessions.session", "pk": "r5e9km9dazfvtlgzfznpl27xxjad1yog", "fields": {"session_data": "NDMzMTZkZGM0ZGI3MzhiNWNmZTIyYzkwOGRiNjAyNjUwNTE1OGU3NDp7InNvY2lhbGFjY291bnRfc3RhdGUiOlt7Im5leHQiOiIvam9pbi9IYWNraW5nIiwicHJvY2VzcyI6ImxvZ2luIiwic2NvcGUiOiIiLCJhdXRoX3BhcmFtcyI6IiJ9LCJZeVVydGFUNHU3b1UiXX0=", "expire_date": "2020-08-04T09:59:05.491Z"}}, {"model": "sessions.session", "pk": "rhxfen8ryaol066dersug07aglv5vb2j", "fields": {"session_data": "Nzg3ZWE2Y2JhOWUzZWNkZGE5M2MxYmQxYWY4ZWU4ZDAxYmQ5OTA1Nzp7InNvY2lhbGFjY291bnRfc3RhdGUiOlt7Im5leHQiOiIvam9pbl9jb3Vyc2UiLCJwcm9jZXNzIjoibG9naW4iLCJzY29wZSI6IiIsImF1dGhfcGFyYW1zIjoiIn0sInc4aW54Q1g4bmhXZCJdfQ==", "expire_date": "2020-08-04T09:52:38.531Z"}}, {"model": "sessions.session", "pk": "rko6kezyfnc32f0whmbygwwj9jgb7ouu", "fields": {"session_data": "YWEyMGU2YmExNWY3NjFmMTg2ZTg3NDVjMTZkOTAyNDQ1ZmM3MTdlNjp7Il9hdXRoX3VzZXJfaWQiOiIyOCIsIl9hdXRoX3VzZXJfYmFja2VuZCI6ImRqYW5nby5jb250cmliLmF1dGguYmFja2VuZHMuTW9kZWxCYWNrZW5kIiwiX2F1dGhfdXNlcl9oYXNoIjoiNzU5NTZjZTRiNmFjOTY4NGQwMTk4YzI5MzkzZjNlZjJiMDY4ZTA4MiJ9", "expire_date": "2020-08-03T07:44:35.097Z"}}, {"model": "sessions.session", "pk": "rrdvkjc2vzyodxfbmdllgjg2m8e9ahie", "fields": {"session_data": "ZGYyODI5ZTYzMzUyODk2MDUwMGI3Njk2OGVkZGQ5MTRkN2Y0NDcyMzp7InNvY2lhbGFjY291bnRfc3RhdGUiOlt7InByb2Nlc3MiOiJsb2dpbiIsInNjb3BlIjoiIiwiYXV0aF9wYXJhbXMiOiIifSwiZlhaTW5Lb2RZNlJWIl19", "expire_date": "2020-07-31T09:40:45.304Z"}}, {"model": "sessions.session", "pk": "rzkjozqdh0u0ktk82qmyevihmaqh9cwo", "fields": {"session_data": "MjA5MmIxOTdmM2NlMWI5MTdkYjY1YzIyMjkxYWFjNDgxOGIzZDNlZjp7Il9hdXRoX3VzZXJfaWQiOiIzIiwiX2F1dGhfdXNlcl9iYWNrZW5kIjoiZGphbmdvLmNvbnRyaWIuYXV0aC5iYWNrZW5kcy5Nb2RlbEJhY2tlbmQiLCJfYXV0aF91c2VyX2hhc2giOiJlNTNiMDhjNTRiYWU4ZWQ2NmJiODk0MmVkMjliYmQ1NGE4NzNiZDYxIn0=", "expire_date": "2020-07-31T05:30:55.409Z"}}, {"model": "sessions.session", "pk": "s2b20iu5jayntq5pai4hlg6fo28olj70", "fields": {"session_data": "YzdkZjg4ZDU1OWMwNmJmODViMGEyMjhiZmQxMzY2MDdmOTc0ZmFhODp7Il9hdXRoX3VzZXJfaWQiOiIyOSIsIl9hdXRoX3VzZXJfYmFja2VuZCI6ImRqYW5nby5jb250cmliLmF1dGguYmFja2VuZHMuTW9kZWxCYWNrZW5kIiwiX2F1dGhfdXNlcl9oYXNoIjoiNjlmYTgwMzlmN2E2MzQzYmUxZDMyZmI4MzgwZTg3ZTExMGY4YTJiNCJ9", "expire_date": "2020-08-03T07:58:03.185Z"}}, {"model": "sessions.session", "pk": "su5m0kee2dh2znrqdz24616xjfucuuv6", "fields": {"session_data": "NWU3Y2FlZjdiNTE4MWNkMTEzZDRmOWQ1ZGU4ZjQxMjU0MGMwNWQwOTp7ImFjY291bnRfdmVyaWZpZWRfZW1haWwiOm51bGwsIl9hdXRoX3VzZXJfaWQiOiI0NyIsIl9hdXRoX3VzZXJfYmFja2VuZCI6ImFsbGF1dGguYWNjb3VudC5hdXRoX2JhY2tlbmRzLkF1dGhlbnRpY2F0aW9uQmFja2VuZCIsIl9hdXRoX3VzZXJfaGFzaCI6ImVmOWM0NzFiY2QxMThhNmUzOGM3NWI3ZWI3NmM5MTJhNGE0ZGNlNGYifQ==", "expire_date": "2020-08-03T18:01:26.657Z"}}, {"model": "sessions.session", "pk": "synn0qicnu50tt604q6a8wn1cwwcpk0r", "fields": {"session_data": "MGViMTc1ZTA5OWYxYWY5NDQ0NGNjNjVmNWU1OWU5MzBjN2U3MjA5OTp7ImFjY291bnRfdmVyaWZpZWRfZW1haWwiOm51bGwsIl9hdXRoX3VzZXJfaWQiOiIyNiIsIl9hdXRoX3VzZXJfYmFja2VuZCI6ImFsbGF1dGguYWNjb3VudC5hdXRoX2JhY2tlbmRzLkF1dGhlbnRpY2F0aW9uQmFja2VuZCIsIl9hdXRoX3VzZXJfaGFzaCI6IjAwNGVkNWUxOWRjNzM1ZGY4MzE1YWE1Nzg2MTc1OTAxMWYyNTE1YjEifQ==", "expire_date": "2020-08-03T05:46:44.086Z"}}, {"model": "sessions.session", "pk": "t15a2dhslf2vvi11tdwa0rwtmpkgdvc2", "fields": {"session_data": "ODRjMjM5MTkyZWFlMGQ1ZmRiNjBhNDdmZjZkYTgwYjFhZTE0YmUwYTp7Il9hdXRoX3VzZXJfaWQiOiIxIiwiX2F1dGhfdXNlcl9iYWNrZW5kIjoiZGphbmdvLmNvbnRyaWIuYXV0aC5iYWNrZW5kcy5Nb2RlbEJhY2tlbmQiLCJfYXV0aF91c2VyX2hhc2giOiIxOWRmZWVmYjZhYTA0YWE3NTQ4Yjg4Y2NkZWM2ZWFhM2YwODViZmEzIn0=", "expire_date": "2020-08-05T12:15:51.895Z"}}, {"model": "sessions.session", "pk": "t5yzeb8wel0l489kqv42k413scti10ie", "fields": {"session_data": "ZmY3OWE2M2JiN2I0ZGUwMGNlMGE0ZGFhZDIyM2M2YjZiOTMxMDFjYzp7ImFjY291bnRfdmVyaWZpZWRfZW1haWwiOm51bGwsImFjY291bnRfdXNlciI6IjIzIiwiX2F1dGhfdXNlcl9pZCI6Ijc1IiwiX2F1dGhfdXNlcl9iYWNrZW5kIjoiYWxsYXV0aC5hY2NvdW50LmF1dGhfYmFja2VuZHMuQXV0aGVudGljYXRpb25CYWNrZW5kIiwiX2F1dGhfdXNlcl9oYXNoIjoiM2ZmYmM1ZjAyZjhiODY3YTY1YTAzZjE4MmY1NGFhOTUxZmU2ZWIzOCIsInNvY2lhbGFjY291bnRfc3RhdGUiOlt7Im5leHQiOiIvam9pbl9jb3Vyc2UiLCJwcm9jZXNzIjoibG9naW4iLCJzY29wZSI6IiIsImF1dGhfcGFyYW1zIjoiIn0sIkFGeWlIcGJnWlhlYSJdfQ==", "expire_date": "2020-08-05T21:04:13.114Z"}}, {"model": "sessions.session", "pk": "t6ixuva8ekem8neoz1i6cnf9kkfwm4wp", "fields": {"session_data": "ZWJlYWUwOTg5NGYzYmIwZDk2NThkYmZmZTNkZjYzNWEwZjEyODBlNDp7InNvY2lhbGFjY291bnRfc3RhdGUiOlt7Im5leHQiOiIvam9pbi9XZWJfRGV2ZWxvcG1lbnQiLCJwcm9jZXNzIjoibG9naW4iLCJzY29wZSI6IiIsImF1dGhfcGFyYW1zIjoiIn0sImluMzM1Zmh3bTduViJdfQ==", "expire_date": "2020-08-03T13:10:46.339Z"}}, {"model": "sessions.session", "pk": "t7yep93ie0u0tngk1dosvc5tkel7ndtx", "fields": {"session_data": "NTgyNTY0Y2QzNTQ1MjNhOWM5OWMxMDNmODljZjRkMjhjMDZlMWUyOTp7Il9hdXRoX3VzZXJfaWQiOiI1NyIsIl9hdXRoX3VzZXJfYmFja2VuZCI6ImRqYW5nby5jb250cmliLmF1dGguYmFja2VuZHMuTW9kZWxCYWNrZW5kIiwiX2F1dGhfdXNlcl9oYXNoIjoiZTEyM2E0ZDVhZDJhN2VlMWZhMWY5OTU1M2E2ZDM3NGNlYzNmMjU3OCJ9", "expire_date": "2020-08-03T20:55:09.528Z"}}, {"model": "sessions.session", "pk": "u4nrdev93ca3urhe6r3hat66mxkvnh80", "fields": {"session_data": "NzNkZTcwNzk5NDc3NjAxNjAwMzBlZTFhMjk5ZThkZWM1MjVkZTczNzp7InNvY2lhbGFjY291bnRfc3RhdGUiOlt7Im5leHQiOiIvc2luZ2xlLmh0bWwiLCJwcm9jZXNzIjoibG9naW4iLCJzY29wZSI6IiIsImF1dGhfcGFyYW1zIjoiIn0sIlFGNlpHRmQ0RlB3SCJdfQ==", "expire_date": "2020-08-04T09:57:19.800Z"}}, {"model": "sessions.session", "pk": "uaachyjxknmk6eejogfj9inb0wflsj6z", "fields": {"session_data": "ZWEyYjczZGEwNjk3ODMwN2Q4MTNiZjYwN2IwM2FjZjNhNzAwOGM0ZTp7Il9hdXRoX3VzZXJfaWQiOiI2MiIsIl9hdXRoX3VzZXJfYmFja2VuZCI6ImRqYW5nby5jb250cmliLmF1dGguYmFja2VuZHMuTW9kZWxCYWNrZW5kIiwiX2F1dGhfdXNlcl9oYXNoIjoiZTkzNThjODAxNjRmZGNjNjEzYTA3ZDk3ZTcxY2FhMWI5YTA3YWQyNiJ9", "expire_date": "2020-08-03T22:48:36.631Z"}}, {"model": "sessions.session", "pk": "ub7blvjjpa0v0jy44ab9dg2ntj5rcoru", "fields": {"session_data": "N2EzODAzODU1ZTdiM2VlMjRkYjQ1OTJjOWUwY2MwYzU2NWJjMTBiMjp7Il9hdXRoX3VzZXJfaWQiOiI3OSIsIl9hdXRoX3VzZXJfYmFja2VuZCI6ImRqYW5nby5jb250cmliLmF1dGguYmFja2VuZHMuTW9kZWxCYWNrZW5kIiwiX2F1dGhfdXNlcl9oYXNoIjoiZjRhMzc5Y2Q0ZDQyY2E4N2FkMWU0MmE3MmFjMWRjNGJhMTg0MGMzOSJ9", "expire_date": "2020-08-10T10:56:22.785Z"}}, {"model": "sessions.session", "pk": "unvysao5162my7g26i1fvdylrrmlzr3i", "fields": {"session_data": "MDU1MGUxZWJiZGJiNzEzNDRjYWJjM2Q1YzM5ZjBiOWE3M2VlMTNiYjp7Il9hdXRoX3VzZXJfaWQiOiIxNiIsIl9hdXRoX3VzZXJfYmFja2VuZCI6ImRqYW5nby5jb250cmliLmF1dGguYmFja2VuZHMuTW9kZWxCYWNrZW5kIiwiX2F1dGhfdXNlcl9oYXNoIjoiZDQxMDlhNWJmYzliZmI5MTNlYTc2MjgzMzJmZjliNjljMWZlMDM2ZSJ9", "expire_date": "2020-08-02T23:44:18.133Z"}}, {"model": "sessions.session", "pk": "uv6m5uofh5bm7y1k57ikqhkl8k0hd80o", "fields": {"session_data": "ZDFmOTNlNTU4ZjllYWYzZTk0YWRkMTIwNjFjNzYxOGE4Y2M3YmUxMzp7InNvY2lhbGFjY291bnRfc3RhdGUiOlt7InByb2Nlc3MiOiJsb2dpbiIsInNjb3BlIjoiIiwiYXV0aF9wYXJhbXMiOiIifSwiQkdjc2c4akg3dFZUIl19", "expire_date": "2020-08-04T09:50:04.992Z"}}, {"model": "sessions.session", "pk": "v08q5fxn5m4c4pamlib04biq9lv4zg69", "fields": {"session_data": "OGJmOTA1OWM0ZTRmOTkzOTUyZjRiNzI0OTQzNWNhMTc3N2IxM2I3MDp7Il9hdXRoX3VzZXJfaWQiOiIzMyIsIl9hdXRoX3VzZXJfYmFja2VuZCI6ImRqYW5nby5jb250cmliLmF1dGguYmFja2VuZHMuTW9kZWxCYWNrZW5kIiwiX2F1dGhfdXNlcl9oYXNoIjoiNTFmMjFmZjdlMzYxY2FmMjJlNTlkNTg5YmM4NjcyYTYwMjYzYjM0ZSJ9", "expire_date": "2020-08-03T08:53:33.980Z"}}, {"model": "sessions.session", "pk": "vbmg4r2zw0vmv8ydpsl7qjn3s4xaudfp", "fields": {"session_data": "OTZkYTMxYTM0N2M2YzcwN2VlNzk2ZjdjMzllMzgwNWZkZGJlYzA5Zjp7Il9hdXRoX3VzZXJfaWQiOiIyNSIsIl9hdXRoX3VzZXJfYmFja2VuZCI6ImRqYW5nby5jb250cmliLmF1dGguYmFja2VuZHMuTW9kZWxCYWNrZW5kIiwiX2F1dGhfdXNlcl9oYXNoIjoiNmU3MmI2MWJjZjJiZWFkZDAwYjcyYjRiNmNmMjgwZmRkNmEwMDY5MiJ9", "expire_date": "2020-08-03T05:42:25.562Z"}}, {"model": "sessions.session", "pk": "vonc1fzab78cv0lqutjy8akw32ts2tce", "fields": {"session_data": "NjJiZDgxNWVjOGY2ZDgwNmI0ZjM0MGRmNDE0MDQwOGYyMDQ3ZWI2NDp7ImFjY291bnRfdmVyaWZpZWRfZW1haWwiOm51bGwsIl9hdXRoX3VzZXJfaWQiOiI0NSIsIl9hdXRoX3VzZXJfYmFja2VuZCI6ImFsbGF1dGguYWNjb3VudC5hdXRoX2JhY2tlbmRzLkF1dGhlbnRpY2F0aW9uQmFja2VuZCIsIl9hdXRoX3VzZXJfaGFzaCI6IjY2YTcxMGVkNjFiNTQyZDBiZDEwM2U1NjUyYmQ3NDQwMzM3YjU1ODUifQ==", "expire_date": "2020-08-03T15:32:09.831Z"}}, {"model": "sessions.session", "pk": "vzj6psuyvwyk2jiuqe67xlevh7zujd4l", "fields": {"session_data": "Y2U1MGRiMGRmYTc1NGZiOGVjYzgwZWNjM2E0MDQyMjI1YmQ5MmE0Yjp7InNvY2lhbGFjY291bnRfc3RhdGUiOlt7Im5leHQiOiIvdXBsb2FkIiwicHJvY2VzcyI6ImxvZ2luIiwic2NvcGUiOiIiLCJhdXRoX3BhcmFtcyI6IiJ9LCJORG1kb2NRaE84bU0iXX0=", "expire_date": "2020-08-04T10:01:46.513Z"}}, {"model": "sessions.session", "pk": "wdye9wygkjujkvf8t6d0w00ti9wpl674", "fields": {"session_data": "MzVkYzkwZTViMDBkNTAwYjljNDRiYjE1NWI0NzZhNWNlMTlhZDRlZjp7InNvY2lhbGFjY291bnRfc3RhdGUiOlt7Im5leHQiOiIvam9pbi9Gb3JleCIsInByb2Nlc3MiOiJsb2dpbiIsInNjb3BlIjoiIiwiYXV0aF9wYXJhbXMiOiIifSwiNmNUcVFnTkdnMXBwIl19", "expire_date": "2020-08-04T09:54:13.990Z"}}, {"model": "sessions.session", "pk": "wgp0gpb6mhhff5okaagek1tvc7b8899d", "fields": {"session_data": "MTY5MGFiNzM1Zjk5ZjI4YTI2YWQ2ZGY4YWRlNWFlYWUwZmIxZGNhNTp7InNvY2lhbGFjY291bnRfc3RhdGUiOlt7Im5leHQiOiIvam9pbi9XZWJfRGV2ZWxvcG1lbnQiLCJwcm9jZXNzIjoibG9naW4iLCJzY29wZSI6IiIsImF1dGhfcGFyYW1zIjoiIn0sInRKbjE3NUtqRFRhSCJdfQ==", "expire_date": "2020-08-04T09:59:28.989Z"}}, {"model": "sessions.session", "pk": "wh6e46szmrdtu3wen0dnz89box5zf8e3", "fields": {"session_data": "OGQ5Yjg2OWVkMTYyZDM4ZDgzMDJlMTkyY2IxZDBhNjc5ODJkNjQ3Mjp7Il9hdXRoX3VzZXJfaWQiOiI2NiIsIl9hdXRoX3VzZXJfYmFja2VuZCI6ImRqYW5nby5jb250cmliLmF1dGguYmFja2VuZHMuTW9kZWxCYWNrZW5kIiwiX2F1dGhfdXNlcl9oYXNoIjoiMGVlOWI0OWRjMTc5YmU2MjQzZTRmNzYzOTgzM2RiNjMzZDVmNDE5NCJ9", "expire_date": "2020-08-03T23:28:28.354Z"}}, {"model": "sessions.session", "pk": "wqfikw1mdpb812cd84d15gyf92t94b2s", "fields": {"session_data": "N2U2Y2RjNWUxOTM0NWJmYWEzYjVmNmU2YmZhOTNhNDBkZmUzYTZjNDp7Il9hdXRoX3VzZXJfaWQiOiIxNSIsIl9hdXRoX3VzZXJfYmFja2VuZCI6ImRqYW5nby5jb250cmliLmF1dGguYmFja2VuZHMuTW9kZWxCYWNrZW5kIiwiX2F1dGhfdXNlcl9oYXNoIjoiMmJmZjRjMzMyZGFkOTI5N2MwMmI3YWRmYmZkNzE3ZWNjMTUwOTA3ZSJ9", "expire_date": "2020-08-02T23:13:47.427Z"}}, {"model": "sessions.session", "pk": "wwb2zfif5lwtsqg1ddj5tjx96c4on1nn", "fields": {"session_data": "OTk3YzI5MzIzYTJiZTA4YjhjZGQ4MjhiY2IxOWJjYjBjNTAxODc0Zjp7Il9hdXRoX3VzZXJfaWQiOiIyMSIsIl9hdXRoX3VzZXJfYmFja2VuZCI6ImRqYW5nby5jb250cmliLmF1dGguYmFja2VuZHMuTW9kZWxCYWNrZW5kIiwiX2F1dGhfdXNlcl9oYXNoIjoiZTZjNzZlMjA1ZDkyMmQyNzJkYjc4MTY1YjUzYjNmMTEzZmM4YzY1ZSJ9", "expire_date": "2020-08-03T02:20:13Z"}}, {"model": "sessions.session", "pk": "xdkqttg31yw64u6uts9dlc2729jz3rql", "fields": {"session_data": "OGJlOTdkMTAxY2QxMWZhNDljYzYxNTE5NzIwZDYxNjc3ZGU2YjhiMDp7InNvY2lhbGFjY291bnRfc3RhdGUiOlt7Im5leHQiOiIvam9pbi9IYWNraW5nIiwicHJvY2VzcyI6ImxvZ2luIiwic2NvcGUiOiIiLCJhdXRoX3BhcmFtcyI6IiJ9LCJnbVk3OFVmU1FLcm8iXX0=", "expire_date": "2020-08-04T09:58:55.644Z"}}, {"model": "sessions.session", "pk": "xdmb0ai3mltgju0te4wmkyyvmtyz69bh", "fields": {"session_data": "YjI5MDkyMDAzMjNiNGMzZmU4MTE1OTFiMDczMzcyOTdjYzE3MDg2Yzp7Il9hdXRoX3VzZXJfaWQiOiIyMiIsIl9hdXRoX3VzZXJfYmFja2VuZCI6ImRqYW5nby5jb250cmliLmF1dGguYmFja2VuZHMuTW9kZWxCYWNrZW5kIiwiX2F1dGhfdXNlcl9oYXNoIjoiOTVkMTZjODE0YjQ2NWE4YzgzNjBiMWE4MmQ2ZDQzMDQ2MmE1NjljZSJ9", "expire_date": "2020-08-03T02:41:25.597Z"}}, {"model": "sessions.session", "pk": "xj93whfv5ophpwetleddtf5jko3loxsn", "fields": {"session_data": "MjZlNDgwOGU3NjhjYjNjZDU4MmY1YTIxNzlhNTE1YjNkNDM0OTdjNTp7Il9hdXRoX3VzZXJfaWQiOiIzNyIsIl9hdXRoX3VzZXJfYmFja2VuZCI6ImRqYW5nby5jb250cmliLmF1dGguYmFja2VuZHMuTW9kZWxCYWNrZW5kIiwiX2F1dGhfdXNlcl9oYXNoIjoiYjdmM2Q4NTM0NzgzMzc4Mzc1YzYzNTgyYjNjNzEyMzVmYTFiZTYwNSJ9", "expire_date": "2020-08-10T08:40:33.442Z"}}, {"model": "sessions.session", "pk": "y1ufyro4vbzclqo1uv1fohl4h1s623dw", "fields": {"session_data": "YWMwYzc1NWQ0YmMxYjYxYjNlNGZlOThlYWNkY2QwYjJhYTg2OTE3MDp7InNvY2lhbGFjY291bnRfc3RhdGUiOlt7Im5leHQiOiIvam9pbl9jb3Vyc2UiLCJwcm9jZXNzIjoibG9naW4iLCJzY29wZSI6IiIsImF1dGhfcGFyYW1zIjoiIn0sImVKZlkwbUU1cWNRVyJdfQ==", "expire_date": "2020-08-11T02:54:47.887Z"}}, {"model": "sessions.session", "pk": "yaii2z3elmh0ef1hdr1li5xovdjjgtls", "fields": {"session_data": "YWQ1NmFkZjQzZmJiYzZhOWQ0OTFjODBhYjlkNDVmNWY4MzgyMzM2ZDp7Il9hdXRoX3VzZXJfaWQiOiI3MCIsIl9hdXRoX3VzZXJfYmFja2VuZCI6ImRqYW5nby5jb250cmliLmF1dGguYmFja2VuZHMuTW9kZWxCYWNrZW5kIiwiX2F1dGhfdXNlcl9oYXNoIjoiOGIxYjI3YTQ1OTVmOGJjODUyZjhiNjI2NTIyM2YwNDA1NmEzMzUyNSJ9", "expire_date": "2020-08-04T07:20:17.966Z"}}, {"model": "sessions.session", "pk": "yqfmqpekum0t1dek2hi2j5jgxx589fy4", "fields": {"session_data": "MjBhMWYxYTZiMDcyN2I0NGJmZmJiNzcyMmZmZDBkODg5OTQ3NzQ0ODp7Il9hdXRoX3VzZXJfaWQiOiIzMCIsIl9hdXRoX3VzZXJfYmFja2VuZCI6ImRqYW5nby5jb250cmliLmF1dGguYmFja2VuZHMuTW9kZWxCYWNrZW5kIiwiX2F1dGhfdXNlcl9oYXNoIjoiNTkzZTBhODA3NWNiNjUwZDdjNGJmMTgyY2UzYzk0M2YxZWFkZTNlZSJ9", "expire_date": "2020-08-03T08:48:36.900Z"}}, {"model": "sessions.session", "pk": "z7f6bg3mhd0iaducqfhgf4btybd491nw", "fields": {"session_data": "NjI5MjcyODNiNjUxOWZkMzE2NWEzYjg5M2RhZjQ0NWMzMGQxNmNlMTp7Il9hdXRoX3VzZXJfaWQiOiIzMSIsIl9hdXRoX3VzZXJfYmFja2VuZCI6ImRqYW5nby5jb250cmliLmF1dGguYmFja2VuZHMuTW9kZWxCYWNrZW5kIiwiX2F1dGhfdXNlcl9oYXNoIjoiMWFhNjE3MmJlY2U3ZjA2NzNmNGQ2MzkyNDllOGRhOTc3YTA1ZGRkNiJ9", "expire_date": "2020-08-03T08:49:54.715Z"}}, {"model": "sessions.session", "pk": "z7lyta01la5rzoixb3f3tmay8cq7scdt", "fields": {"session_data": "MGQzY2Y4YmI0MmM3ZTQxOWY5MmJkOTQ2YzNhN2VhNjJlZTZjZTdlNDp7Il9hdXRoX3VzZXJfaWQiOiIxMiIsIl9hdXRoX3VzZXJfYmFja2VuZCI6ImRqYW5nby5jb250cmliLmF1dGguYmFja2VuZHMuTW9kZWxCYWNrZW5kIiwiX2F1dGhfdXNlcl9oYXNoIjoiNWJiNTVhYmQ3ZTkxOTI1NjBhNjE2NWYxOTZhYzAxODA1MDU0NDU2NyJ9", "expire_date": "2020-08-02T22:47:56.822Z"}}, {"model": "sessions.session", "pk": "z8bvhd9qe4es1tt81ze7hs63w1486xv5", "fields": {"session_data": "NTQxOWZmY2IwMzc3NWQ3ZDU5MTFiMGE2NTU5NDg2MmI4YjExNDg5Njp7InNvY2lhbGFjY291bnRfc3RhdGUiOlt7InByb2Nlc3MiOiJsb2dpbiIsInNjb3BlIjoiIiwiYXV0aF9wYXJhbXMiOiIifSwiM21yWWhjbWNSZnRZIl19", "expire_date": "2020-08-03T12:59:53.391Z"}}, {"model": "sessions.session", "pk": "zeiaknvip63ak9e6ner8ueqco29hm8ba", "fields": {"session_data": "MGJkOTE5YWFiNjZmMTAxZDJhZjAwNzEwMTA0NTUzOTgwNWE3YzA2ODp7InNvY2lhbGFjY291bnRfc3RhdGUiOlt7Im5leHQiOiIvam9pbi9BSSIsInByb2Nlc3MiOiJsb2dpbiIsInNjb3BlIjoiIiwiYXV0aF9wYXJhbXMiOiIifSwiRVJHTGVtbG1QSExaIl19", "expire_date": "2020-08-04T09:53:30.487Z"}}, {"model": "sessions.session", "pk": "zn4odilvsqq63hpo0w5g6oy1klu9rtta", "fields": {"session_data": "MTM4YTMzZTVkMGVmYjQ3YTAyNjA4OGY3YTBiZjE5YTZjNjM1OWY4Mjp7Il9hdXRoX3VzZXJfaWQiOiIzNiIsIl9hdXRoX3VzZXJfYmFja2VuZCI6ImRqYW5nby5jb250cmliLmF1dGguYmFja2VuZHMuTW9kZWxCYWNrZW5kIiwiX2F1dGhfdXNlcl9oYXNoIjoiZTZjMmM3ZmYzYjY3MzQzMzUzNjUyNjVkMjEyNTAyZTg4ZjE2Yzk2YyJ9", "expire_date": "2020-08-03T09:06:19.828Z"}}, {"model": "school.genre", "pk": 1, "fields": {"name": "Adventure"}}, {"model": "school.genre", "pk": 2, "fields": {"name": "Horror"}}, {"model": "school.genre", "pk": 3, "fields": {"name": "Satire"}}, {"model": "school.genre", "pk": 4, "fields": {"name": "Romance"}}, {"model": "school.genre", "pk": 5, "fields": {"name": "Fantasy"}}, {"model": "school.genre", "pk": 6, "fields": {"name": "Mythology"}}, {"model": "school.genre", "pk": 7, "fields": {"name": "Fiction"}}, {"model": "school.course_description", "pk": 1, "fields": {"course_category": 2, "course_name": 1, "premium": false, "description": "<p>Welcome!!!! To<br />\r\nSee how to Hack</p>\r\n\r\n<p><strong>Requirements</strong></p>\r\n\r\n<p>&bull; Members are to choose a code name<br />\r\n&nbsp;<br />\r\n&bull; Open a github account with your code name</p>\r\n\r\n<p>&bull; Start A game on overthesight</p>\r\n\r\n<p>&bull; Each member will be given an assignment to send here</p>\r\n\r\n<p>&bull; Don&rsquo;t download anything from the Darkweb ....</p>\r\n\r\n<p>&bull; Your weekly Tasks will be pinned here ,you must finish it</p>\r\n\r\n<p>Send your code name here to get registered</p>\r\n\r\n<p>Let&rsquo;s start hacking guys .....Good l&uuml;&ccedil;k</p>\r\n\r\n<p><br />\r\n<strong>You are all starting as a beginner</strong></p>\r\n\r\n<p>Your exploits per week gets you promoted here ....</p>\r\n\r\n<p>.<br />\r\nNow we start :<br />\r\nI&rsquo;m of the mindset you&rsquo;ve watched the video , set up your github account, and have your Kali and termux already installed .<br />\r\nThis is a practical class I&rsquo;ll expect full cooperation otherwise this might lead to removal of any guilty individual.</p>\r\n\r\n<p>There is a reason I asked you to check out the ssh&nbsp; video earlier . Tho this does not show how you&rsquo;d connect and co .<br />\r\nBut you at least how to understand how it works .</p>\r\n\r\n<p>See I can&rsquo;t teach you everything, you&rsquo;ll meet foreign configured networks , see new systems.<br />\r\nYour hacking basic knowledge must see you through .</p>\r\n\r\n<p>I might teach you how to hack a laptop \ud83d\udc69&zwj;\ud83d\udcbb wirelessly.... you can use the same concept you learn to hack a car \ud83d\ude97 ...</p>\r\n\r\n<p><br />\r\nJust understand.... most &#39;script bies&#39; out there don&rsquo;t . They get softwares already built , they install it (even if it might be virus ) without understanding how it works ... and check how to use it online then bam....</p>\r\n\r\n<p>&nbsp;</p>\r\n\r\n<p>You are an hacker for Gods sake not an app user .....</p>\r\n\r\n<p><br />\r\n<em>&nbsp;pls kindly hack with ethics tho</em></p>", "tutor": 1}}, {"model": "school.course_description", "pk": 2, "fields": {"course_category": 1, "course_name": 2, "premium": false, "description": "<p><strong>INTRODUCTION TO WEB DEVELOPMENT&nbsp;</strong></p>\r\n\r\n<p>&nbsp;</p>\r\n\r\n<p>&nbsp;</p>\r\n\r\n<p>Hey guys ....</p>\r\n\r\n<p>&nbsp;</p>\r\n\r\n<p>I am \ud835\ude4a\ud835\ude61\ud835\ude56 I&rsquo;m an engineering student.</p>\r\n\r\n<p>I kinda into lots of programming languages, love learning them for fun .</p>\r\n\r\n<p>&nbsp;</p>\r\n\r\n<p>Sometimes i get questions like :</p>\r\n\r\n<p>Pls bro , what programming language should I learn first .</p>\r\n\r\n<p>It&#39;s hard I know right?</p>\r\n\r\n<p>But I&rsquo;ll try as much as possible to drop my view on this :</p>\r\n\r\n<p>You see ...</p>\r\n\r\n<p>It depends on what you going into....</p>\r\n\r\n<p>As as a Pentester&nbsp;&nbsp;? I&#39;ll advice you&nbsp;learn alllllll the programming languages, if you can , you don&rsquo;t have to be the best in the any tho.</p>\r\n\r\n<p>You don&rsquo;t want to come across a system you can&rsquo;t hack, just because you don&rsquo;t understand the language. Also scripting language is important (Perl, python ....) . Programming languages like C, Assembly is also highly recommended&nbsp;</p>\r\n\r\n<p>&nbsp;</p>\r\n\r\n<p>As a Web Developer &nbsp;?</p>\r\n\r\n<p>&nbsp;</p>\r\n\r\n<p>You choose ? Which of the languages you flow with.... I program my websites with python,&nbsp;A friend of mine&nbsp;does his with php</p>\r\n\r\n<p>We do stuffs in same time frame</p>\r\n\r\n<p>But it&rsquo;s a like Must , a must to learn JavaScript or Typescript&nbsp;</p>\r\n\r\n<p>&nbsp;</p>\r\n\r\n<p><em>As an A.I specialist or Data Scientist?</em></p>\r\n\r\n<p>&nbsp;</p>\r\n\r\n<p>I&rsquo;ll ask you to go with python first , R too , then JavaScript s good too</p>\r\n\r\n<p>&nbsp;</p>\r\n\r\n<p>&nbsp;</p>\r\n\r\n<p><em>As an engineer</em>?</p>\r\n\r\n<p>&nbsp;</p>\r\n\r\n<p>Programming languages like&nbsp;C and python , c++ are recommended&nbsp;</p>", "tutor": 1}}, {"model": "school.course_description", "pk": 3, "fields": {"course_category": 3, "course_name": 4, "premium": false, "description": "<p><strong>INTRODUCTION TO ARTIFICIAL INTELLIGENCE&nbsp;</strong></p>", "tutor": 3}}, {"model": "school.course_description", "pk": 4, "fields": {"course_category": null, "course_name": 3, "premium": false, "description": "<p><strong>INTRODUCTION TO FOREX TRADING&nbsp;</strong></p>\r\n\r\n<p>&nbsp;</p>\r\n\r\n<p>&nbsp;</p>\r\n\r\n<p><strong>&nbsp; &nbsp; &nbsp; &nbsp; &nbsp; &nbsp; &nbsp;COURSE UNAVAILABLE AT THE MOMENT&nbsp;</strong></p>", "tutor": null}}, {"model": "school.course_description", "pk": 5, "fields": {"course_category": 3, "course_name": 5, "premium": false, "description": "<p><strong>Full</strong> <strong>Beginners</strong> <strong>course</strong> <strong>on</strong> <strong>forex</strong> <strong>trading</strong>&nbsp;</p>\r\n\r\n<p>&nbsp;</p>\r\n\r\n<p>INTRODUCTION WHAT IS FOREX&nbsp;<br />\r\nWHAT IS TRADED ON FOREX<br />\r\nWHO IS A FOREX BROOKER<br />\r\nTRADING TIMES &amp; TRADING SESSIONS<br />\r\nTERMINOLOGIES USED IN FOREX.<br />\r\nFORMS OF TRADING<br />\r\nCURRENCY PAIRS.MT4 INTERFACE PART 1</p>\r\n\r\n<p><br />\r\nWhat is a pip&nbsp;<br />\r\nLotsize concept of bid and ask price&nbsp;<br />\r\nTrading orders forms of trading orders etc .<br />\r\nTRADING PLAN<br />\r\nMT4 INTERFACE PART 2</p>\r\n\r\n<p><br />\r\nHOW TO KNOW WHEN TO ACTUALLY BUY OR SELL</p>\r\n\r\n<p>HOW TO GENERATE SIGNALS FOR YOUR SELVES.</p>\r\n\r\n<p>INDICATORS...Moving Averages, Stochastic, MACD, Bollinger bands, RSI, ADX, Parabolic SAR, ATR, Ichimoku.... etc</p>\r\n\r\n<p><br />\r\nCHART ANALYSIS ETC.</p>\r\n\r\n<p><strong>Forex</strong> <strong>mastery</strong> <strong>class</strong>&nbsp;</p>\r\n\r\n<p>Full chart analysis&nbsp;</p>\r\n\r\n<p>Chart patterns&nbsp; etc&nbsp;</p>\r\n\r\n<p>How to take partial profit&nbsp; etc&nbsp;</p>\r\n\r\n<p><strong>Trading</strong> <strong>with</strong> <strong>Price</strong> <strong>action</strong>&nbsp;</p>\r\n\r\n<p>&nbsp;</p>\r\n\r\n<p>And many more ......</p>", "tutor": null}}, {"model": "school.course_description", "pk": 6, "fields": {"course_category": 2, "course_name": 10, "premium": true, "description": "<p>WELCOME TO ETHICAL HACKING 101</p>\r\n\r\n<p>COMMAND-LINE INTERFACE(CLI)</p>\r\n\r\n<p>CLI is a command line program that accepts text input to execute operating system functions. unlike GUI(which uses pictures for interfacing)</p>\r\n\r\n<p>CLI accepts texts and in turn converts it into executing a system function . Take for instance you were to shut down your laptop . normally a computer user would prefer GUI</p>\r\n\r\n<p>&nbsp;</p>\r\n\r\n<p>A written text in your terminal can do this also , with a command &#39;shutdown now&#39; on linux your computer can shutdown immediately</p>\r\n\r\n<p>&nbsp;</p>\r\n\r\n<p>&nbsp;</p>\r\n\r\n<p>WHY COMMAND_LINE INTERFACE?</p>\r\n\r\n<p>i know right .... why use the CLI when you can use GUI ? ...&nbsp; not everyone likes typing to execute just a simple click if it were GUI. but CMD has its benefits . really it does ..</p>\r\n\r\n<p>The original reason we use CLI is because o<strong>f the greater control it</strong> gives . you will be very surprised to know the limits you have been trending as a GUI user.There are commands accessible only via shell that can <strong>control very complex operations</strong> on Unix/Linux and Windows machines.</p>\r\n\r\n<p>Also, Pictures takes more memory hence more processor to use , tasks like bruteforcing which requires &quot;all hands on desk&quot; would better be done on your shell .</p>\r\n\r\n<p>&nbsp;</p>\r\n\r\n<p>THE TERMINAL</p>\r\n\r\n<p>This is just the common name for this type of application. For example, both Gnome Linux Environment and macOS call their application &ldquo;Terminal&rdquo;. But, the KDE linux Environment and Windows call it &ldquo;Console&rdquo;.</p>\r\n\r\n<p>&nbsp;</p>\r\n\r\n<p>&nbsp;</p>\r\n\r\n<p>&nbsp;</p>\r\n\r\n<p>&nbsp;</p>\r\n\r\n<p>&nbsp;</p>", "tutor": 3}}, {"model": "school.course_description", "pk": 7, "fields": {"course_category": 2, "course_name": 11, "premium": true, "description": "<p>zstgjj,;.</p>", "tutor": 3}}, {"model": "school.course_category", "pk": 1, "fields": {"category": "Web Development"}}, {"model": "school.course_category", "pk": 2, "fields": {"category": "Hacking"}}, {"model": "school.course_category", "pk": 3, "fields": {"category": "forex"}}, {"model": "school.cimage", "pk": 1, "fields": {"course_image": "course/images/1A26A064-809A-441D-9971-D71C76700FC4.jpeg", "name": 1, "title": "hacking"}}, {"model": "school.cimage", "pk": 2, "fields": {"course_image": "course/images/989B2E3A-D254-496B-92D5-5FDCCD8E6592.jpg", "name": 4, "title": "Artificial int"}}, {"model": "school.cimage", "pk": 3, "fields": {"course_image": "course/images/8FCFB71E-4978-487E-8F5E-17BCF871052A.jpg", "name": 3, "title": "Forex"}}, {"model": "star_ratings.rating", "pk": 1, "fields": {"count": 1, "total": 3, "average": "3.000", "content_type": 5, "object_id": 4}}, {"model": "star_ratings.rating", "pk": 2, "fields": {"count": 1, "total": 4, "average": "4.000", "content_type": 5, "object_id": 13}}, {"model": "star_ratings.rating", "pk": 3, "fields": {"count": 1, "total": 1, "average": "1.000", "content_type": 5, "object_id": 14}}, {"model": "star_ratings.rating", "pk": 4, "fields": {"count": 1, "total": 3, "average": "3.000", "content_type": 5, "object_id": 15}}, {"model": "star_ratings.rating", "pk": 5, "fields": {"count": 0, "total": 0, "average": "0.000", "content_type": 5, "object_id": 3}}, {"model": "star_ratings.rating", "pk": 6, "fields": {"count": 0, "total": 0, "average": "0.000", "content_type": 5, "object_id": 12}}, {"model": "star_ratings.rating", "pk": 7, "fields": {"count": 0, "total": 0, "average": "0.000", "content_type": 5, "object_id": 5}}, {"model": "star_ratings.rating", "pk": 8, "fields": {"count": 1, "total": 5, "average": "5.000", "content_type": 5, "object_id": 6}}, {"model": "star_ratings.rating", "pk": 9, "fields": {"count": 0, "total": 0, "average": "0.000", "content_type": 5, "object_id": 7}}, {"model": "star_ratings.rating", "pk": 10, "fields": {"count": 0, "total": 0, "average": "0.000", "content_type": 5, "object_id": 8}}, {"model": "star_ratings.rating", "pk": 11, "fields": {"count": 0, "total": 0, "average": "0.000", "content_type": 5, "object_id": 9}}, {"model": "star_ratings.rating", "pk": 12, "fields": {"count": 0, "total": 0, "average": "0.000", "content_type": 5, "object_id": 10}}, {"model": "star_ratings.rating", "pk": 13, "fields": {"count": 0, "total": 0, "average": "0.000", "content_type": 5, "object_id": 11}}, {"model": "auth.group", "pk": 1, "fields": {"name": "Author", "permissions": []}}, {"model": "auth.group", "pk": 2, "fields": {"name": "Tutor", "permissions": []}}, {"model": "auth.group", "pk": 3, "fields": {"name": "Premium", "permissions": []}}, {"model": "auth.user", "pk": 1, "fields": {"password": "pbkdf2_sha256$180000$mAJk8oKbGYoQ$0LuGiyHMFIV6Lcq+kc0WjX8iC1+84Y5WeNJeQZLdBNw=", "last_login": "2020-08-06T11:19:29Z", "is_superuser": true, "username": "olamide", "first_name": "", "last_name": "", "email": "proflamyt@gmail.com", "is_staff": true, "is_active": true, "date_joined": "2020-07-12T09:07:55Z", "groups": [1, 2, 3], "user_permissions": []}}, {"model": "auth.user", "pk": 2, "fields": {"password": "!RSy7CFSS1ART6ipIwFE1oxEpWfiGlDzEiICvh2XR", "last_login": "2020-07-16T12:51:02.137Z", "is_superuser": false, "username": "proflamyt", "first_name": "olawale", "last_name": "olamide", "email": "proflamyt@gmail.com", "is_staff": false, "is_active": true, "date_joined": "2020-07-14T06:15:39.582Z", "groups": [], "user_permissions": []}}, {"model": "auth.user", "pk": 3, "fields": {"password": "pbkdf2_sha256$180000$7FjaAGeZvJog$6ORO+ukmoQAJJl/8VBZM5YfZIJdK1dj3zFYqtSpGYgY=", "last_login": "2020-07-17T05:30:55Z", "is_superuser": false, "username": "Magmahfx", "first_name": "", "last_name": "", "email": "magmahfx@gmail.com", "is_staff": false, "is_active": true, "date_joined": "2020-07-17T05:30:55Z", "groups": [1, 2], "user_permissions": []}}, {"model": "auth.user", "pk": 4, "fields": {"password": "!DDyCJ0iwhPOZbTxoeavIc78XQ9PFJPTyrdJPLedt", "last_login": "2020-07-18T19:26:45.375Z", "is_superuser": false, "username": "olawaleabdul", "first_name": "Olawaleabdul", "last_name": "Akintayotolu", "email": "earlacount@gmail.com", "is_staff": false, "is_active": true, "date_joined": "2020-07-17T09:53:36.463Z", "groups": [], "user_permissions": []}}, {"model": "auth.user", "pk": 5, "fields": {"password": "!PsRe0TIy0hntx454BkDYhQ2AJlXPLv3HEsI7lkJO", "last_login": "2020-07-18T20:49:38.773Z", "is_superuser": false, "username": "olawale", "first_name": "olawale", "last_name": "olamide", "email": "seehowtv@gmail.com", "is_staff": false, "is_active": true, "date_joined": "2020-07-18T20:49:38.727Z", "groups": [], "user_permissions": []}}, {"model": "auth.user", "pk": 6, "fields": {"password": "pbkdf2_sha256$180000$q73UmDq695DX$ba33zzvPvkzPMKxGv2ZBYtotjtMwFJevFfivSZ60FcA=", "last_login": "2020-07-19T14:36:43.245Z", "is_superuser": false, "username": "Dudu", "first_name": "", "last_name": "", "email": "omolajaomolade@gmail.com", "is_staff": false, "is_active": true, "date_joined": "2020-07-19T14:36:42.891Z", "groups": [], "user_permissions": []}}, {"model": "auth.user", "pk": 7, "fields": {"password": "pbkdf2_sha256$180000$YdjgQvJqwRTY$iAMGSTQRkXA+XSIDNCZl8x6folreEIIecGWCf7oZ9yo=", "last_login": "2020-07-19T22:23:54.877Z", "is_superuser": false, "username": "Otega61", "first_name": "", "last_name": "", "email": "etawarien@gmail.com", "is_staff": false, "is_active": true, "date_joined": "2020-07-19T22:23:54.544Z", "groups": [], "user_permissions": []}}, {"model": "auth.user", "pk": 8, "fields": {"password": "pbkdf2_sha256$180000$jQJch24Jdf2c$+/KhGbrAhHb9jjlNSx8nfrmuW2pMJ7JSJqk8piiAQns=", "last_login": "2020-07-19T22:25:09.318Z", "is_superuser": false, "username": "Hohluwaseyi", "first_name": "", "last_name": "", "email": "hohluwaseyi@gmail.com", "is_staff": false, "is_active": true, "date_joined": "2020-07-19T22:25:08.987Z", "groups": [], "user_permissions": []}}, {"model": "auth.user", "pk": 9, "fields": {"password": "pbkdf2_sha256$180000$GD30zd5wg1ZK$ZrT9hUf7yQcAI44AfkAAB71fRGJtcQOPKzM/lwzG5UA=", "last_login": "2020-07-19T22:26:58.342Z", "is_superuser": false, "username": "Fremzy", "first_name": "", "last_name": "", "email": "oluwaferanmisammy@gmail.com", "is_staff": false, "is_active": true, "date_joined": "2020-07-19T22:26:57.998Z", "groups": [], "user_permissions": []}}, {"model": "auth.user", "pk": 10, "fields": {"password": "pbkdf2_sha256$180000$1tkehBG4wghD$NXW4F6qCanvY3kIXdH48M/kN6n198L+HJ+29ZqhAGrg=", "last_login": "2020-07-19T22:27:35.274Z", "is_superuser": false, "username": "Ruthless", "first_name": "", "last_name": "", "email": "ifeoram@gmail.com", "is_staff": false, "is_active": true, "date_joined": "2020-07-19T22:27:34.946Z", "groups": [], "user_permissions": []}}, {"model": "auth.user", "pk": 11, "fields": {"password": "!0V44yscCWBG4pmwzC8kC1cdx1LBySFqJtcfGnmeb", "last_login": "2020-07-19T22:38:56.283Z", "is_superuser": false, "username": "toby", "first_name": "Toby", "last_name": "Rapheal", "email": "tee.illustrations1@gmail.com", "is_staff": false, "is_active": true, "date_joined": "2020-07-19T22:38:56.236Z", "groups": [], "user_permissions": []}}, {"model": "auth.user", "pk": 12, "fields": {"password": "pbkdf2_sha256$180000$SQD3TCG1yHt6$pMND/LhsZBWjL45BrRS9uWJrzuEECJboBUGh3CtS74I=", "last_login": "2020-07-19T22:47:56.815Z", "is_superuser": false, "username": "Nimot", "first_name": "", "last_name": "", "email": "azeeznimot2000@gmail.com", "is_staff": false, "is_active": true, "date_joined": "2020-07-19T22:47:56.483Z", "groups": [], "user_permissions": []}}, {"model": "auth.user", "pk": 13, "fields": {"password": "!bJcknMY40hJWMEcWORzvO7GaYeV6crJyaSHp9UNk", "last_login": "2020-07-19T22:52:41.859Z", "is_superuser": false, "username": "ipense", "first_name": "Ipense", "last_name": "Choice", "email": "ipensenelly@gmail.com", "is_staff": false, "is_active": true, "date_joined": "2020-07-19T22:52:41.818Z", "groups": [], "user_permissions": []}}, {"model": "auth.user", "pk": 14, "fields": {"password": "pbkdf2_sha256$180000$y5q571uin7qT$ZNR1j6qL36GC95xvBlmDzfGTdhc3Y8vOEeZn/hkFuiw=", "last_login": "2020-07-19T23:04:36.394Z", "is_superuser": false, "username": "Snoopkool", "first_name": "", "last_name": "", "email": "snoopkoolz@gmail.com", "is_staff": false, "is_active": true, "date_joined": "2020-07-19T23:03:45.072Z", "groups": [], "user_permissions": []}}, {"model": "auth.user", "pk": 15, "fields": {"password": "pbkdf2_sha256$180000$FYwFR1L91aDf$IS/vMxeWHTIHSlCuqc8FaR5w5HKvwW0lsZqdupBeXAk=", "last_login": "2020-07-19T23:13:47.419Z", "is_superuser": false, "username": "Zeroh", "first_name": "", "last_name": "", "email": "toluwalasheo@gmail.com", "is_staff": false, "is_active": true, "date_joined": "2020-07-19T23:13:47.092Z", "groups": [], "user_permissions": []}}, {"model": "auth.user", "pk": 16, "fields": {"password": "pbkdf2_sha256$180000$nTcq4UiqhhRp$nlaActxXoWkTOyqx9vivpZUlxWnPyWpUL/REl9gelcI=", "last_login": "2020-07-19T23:44:18.127Z", "is_superuser": false, "username": "PelumyO", "first_name": "", "last_name": "", "email": "oluwapelumip@gmail.com", "is_staff": false, "is_active": true, "date_joined": "2020-07-19T23:44:17.775Z", "groups": [], "user_permissions": []}}, {"model": "auth.user", "pk": 17, "fields": {"password": "pbkdf2_sha256$180000$zjioNaz9ZZnG$2Mo6Rys/q0+QakrzbfNByB4EBpqGX3/6JtyaeA44swY=", "last_login": "2020-07-19T23:50:13.370Z", "is_superuser": false, "username": "Eyoh_Precious", "first_name": "", "last_name": "", "email": "preciousboy.eyoh@gmail.com", "is_staff": false, "is_active": true, "date_joined": "2020-07-19T23:50:13.035Z", "groups": [], "user_permissions": []}}, {"model": "auth.user", "pk": 18, "fields": {"password": "pbkdf2_sha256$180000$owQrKki40mdy$xl/u8slDRGfDOBEA0rW4gsXSWIdpVbjfcS0/3c2UwYc=", "last_login": "2020-07-19T23:52:27.260Z", "is_superuser": false, "username": "scholarwale", "first_name": "", "last_name": "", "email": "olaniyanolawale29@gmail.com", "is_staff": false, "is_active": true, "date_joined": "2020-07-19T23:52:26.931Z", "groups": [], "user_permissions": []}}, {"model": "auth.user", "pk": 19, "fields": {"password": "pbkdf2_sha256$180000$dPrug91ukLwD$9DvNeBc7R+/BNw4B1Bpjl90ewyIoYmuax5EF8MQ1/ck=", "last_login": "2020-07-20T01:23:28.861Z", "is_superuser": false, "username": "thecolonel", "first_name": "", "last_name": "", "email": "emmanuel04dike@gmail.com", "is_staff": false, "is_active": true, "date_joined": "2020-07-20T01:23:28.509Z", "groups": [], "user_permissions": []}}, {"model": "auth.user", "pk": 20, "fields": {"password": "pbkdf2_sha256$180000$PNzk6Sm7LaWo$ZvyeHQ0F1tF29u/B7Ygs1j1mbXuljEdiXXfBthRuPD8=", "last_login": "2020-07-20T01:53:30.764Z", "is_superuser": false, "username": "Olahmide", "first_name": "", "last_name": "", "email": "mubarakabdulrafiu@gmail.com", "is_staff": false, "is_active": true, "date_joined": "2020-07-20T01:53:30.423Z", "groups": [], "user_permissions": []}}, {"model": "auth.user", "pk": 21, "fields": {"password": "pbkdf2_sha256$180000$53b7zpE8RguB$EUm0sxkbs9yv+jf1WzarsmqkAW2umkxzgqKa0N0W9yY=", "last_login": "2020-07-20T02:20:12.992Z", "is_superuser": false, "username": "Redeater", "first_name": "", "last_name": "", "email": "sannisamuel009@gmail.com", "is_staff": false, "is_active": true, "date_joined": "2020-07-20T02:20:12.662Z", "groups": [], "user_permissions": []}}, {"model": "auth.user", "pk": 22, "fields": {"password": "pbkdf2_sha256$180000$xn1bv5Zbb6aR$CaXUcEEYKYP6xsWqciIlNbcyenHpQTqXylY2OHF5KZk=", "last_login": "2020-07-20T02:41:25.589Z", "is_superuser": false, "username": "koh", "first_name": "", "last_name": "", "email": "ikmannuel@gmail.com", "is_staff": false, "is_active": true, "date_joined": "2020-07-20T02:41:25.258Z", "groups": [], "user_permissions": []}}, {"model": "auth.user", "pk": 23, "fields": {"password": "!vjqbmTvZTDN6BpJhpg6XxTXPFaMAQOvRh9B4p8Zb", "last_login": "2020-07-20T02:54:27.492Z", "is_superuser": false, "username": "anosike", "first_name": "Anosike", "last_name": "Chijioke", "email": "anosikechijioke88@gmail.com", "is_staff": false, "is_active": true, "date_joined": "2020-07-20T02:54:27.445Z", "groups": [], "user_permissions": []}}, {"model": "auth.user", "pk": 24, "fields": {"password": "pbkdf2_sha256$180000$4rIfHbzpkzaS$wDQVEUrcof9rJrEY4gxJUU9AlhcR0djPNRnf8uYGra4=", "last_login": "2020-07-20T03:03:17.065Z", "is_superuser": false, "username": "Davidwealth192", "first_name": "", "last_name": "", "email": "davidwealth192@gmail.com", "is_staff": false, "is_active": true, "date_joined": "2020-07-20T03:03:16.731Z", "groups": [], "user_permissions": []}}, {"model": "auth.user", "pk": 25, "fields": {"password": "pbkdf2_sha256$180000$Ehp7KTExTgtH$ZFTq4domQbCpgLZG3KcHDHJ6t+1LsCw3EM6CotyboDs=", "last_login": "2020-07-20T05:42:25.553Z", "is_superuser": false, "username": "Ussy13513", "first_name": "", "last_name": "", "email": "um26498@gmail.com", "is_staff": false, "is_active": true, "date_joined": "2020-07-20T05:42:25.223Z", "groups": [], "user_permissions": []}}, {"model": "auth.user", "pk": 26, "fields": {"password": "!ZHu8f98RcJtdabhfwVxQMggPEcFkGVbq1ti0dUuK", "last_login": "2020-07-20T05:46:44.080Z", "is_superuser": false, "username": "bello", "first_name": "Bello", "last_name": "Abdulhakeem", "email": "belloabdulhakeemolamide@gmail.com", "is_staff": false, "is_active": true, "date_joined": "2020-07-20T05:46:44.014Z", "groups": [], "user_permissions": []}}, {"model": "auth.user", "pk": 27, "fields": {"password": "!EMpUd6y4NXsCiRauYDBw4VpyubG4MjCRAUyHdQj1", "last_login": "2020-07-20T07:28:11.651Z", "is_superuser": false, "username": "tolulope", "first_name": "Tolulope", "last_name": "Olabanji", "email": "willbanjit@gmail.com", "is_staff": false, "is_active": true, "date_joined": "2020-07-20T07:28:11.605Z", "groups": [], "user_permissions": []}}, {"model": "auth.user", "pk": 28, "fields": {"password": "pbkdf2_sha256$180000$ASqJr9nRcPuS$mT6hjE5nQte42fbv64QRhT0n5F26DL76hR5eJv450q4=", "last_login": "2020-07-20T07:44:35.089Z", "is_superuser": false, "username": "Francobereci", "first_name": "", "last_name": "", "email": "okuboarerefrancis@gmail.com", "is_staff": false, "is_active": true, "date_joined": "2020-07-20T07:44:34.737Z", "groups": [], "user_permissions": []}}, {"model": "auth.user", "pk": 29, "fields": {"password": "pbkdf2_sha256$180000$2IP3agGTbXMB$XpPpLCEXqP9Rc7pHvbaUcM6rGIRRnDfOfmzahrgJ4Vc=", "last_login": "2020-07-20T07:58:03.177Z", "is_superuser": false, "username": "Nelson", "first_name": "", "last_name": "", "email": "matthewisangha25@gmail.com", "is_staff": false, "is_active": true, "date_joined": "2020-07-20T07:58:02.838Z", "groups": [], "user_permissions": []}}, {"model": "auth.user", "pk": 30, "fields": {"password": "pbkdf2_sha256$180000$pxfz5Yz4cFfk$RLKJPrUuRYzxd7xa8MEiDr3O6Weq838X7wEtk7lhYhc=", "last_login": "2020-07-20T08:48:36.892Z", "is_superuser": false, "username": "Taofeez", "first_name": "", "last_name": "", "email": "taofeezz@gmail.com", "is_staff": false, "is_active": true, "date_joined": "2020-07-20T08:48:36.542Z", "groups": [], "user_permissions": []}}, {"model": "auth.user", "pk": 31, "fields": {"password": "pbkdf2_sha256$180000$cMDunebl3STE$WxAIvf/MLUulqWdFW9dLUWJf38I2cyTCxIJDNM1AGn0=", "last_login": "2020-07-20T08:49:54.707Z", "is_superuser": false, "username": "Cytro", "first_name": "", "last_name": "", "email": "natashastone4128@gmail.com", "is_staff": false, "is_active": true, "date_joined": "2020-07-20T08:49:54.355Z", "groups": [], "user_permissions": []}}, {"model": "auth.user", "pk": 32, "fields": {"password": "!BNCpfh65zI9Wgnnyt0CfYHS0SBUMEmzzwZTmI8g0", "last_login": "2020-07-20T08:50:00.957Z", "is_superuser": false, "username": "kennedy", "first_name": "kennedy", "last_name": "kc", "email": "kennedykc55@gmail.com", "is_staff": false, "is_active": true, "date_joined": "2020-07-20T08:50:00.913Z", "groups": [], "user_permissions": []}}, {"model": "auth.user", "pk": 33, "fields": {"password": "pbkdf2_sha256$180000$bS8owx3tFgWf$VHeohufTKZjbyt3yhahy7GN0JSIW2Wr3CX5gQLuyDgM=", "last_login": "2020-07-20T17:47:46.531Z", "is_superuser": false, "username": "Paula", "first_name": "", "last_name": "", "email": "etukapaula@icloud.com", "is_staff": false, "is_active": true, "date_joined": "2020-07-20T08:53:33.619Z", "groups": [], "user_permissions": []}}, {"model": "auth.user", "pk": 34, "fields": {"password": "pbkdf2_sha256$180000$Jcg3t65n5oJJ$Lnt+xkQAynrFGV4+up5X3/ffLC6RfEk3PQO7nxiiBBk=", "last_login": "2020-07-20T08:58:18.977Z", "is_superuser": false, "username": "Younique", "first_name": "", "last_name": "", "email": "alarmutunedhay@gmail.com", "is_staff": false, "is_active": true, "date_joined": "2020-07-20T08:58:18.646Z", "groups": [], "user_permissions": []}}, {"model": "auth.user", "pk": 35, "fields": {"password": "!BlKDUZFU9HuWF5QYiyn3COfnmcXg55sYony57D1m", "last_login": "2020-07-20T09:05:47.578Z", "is_superuser": false, "username": "joseph", "first_name": "Joseph", "last_name": "Olayanju", "email": "horlarhyanjuhjoseph@gmail.com", "is_staff": false, "is_active": true, "date_joined": "2020-07-20T09:05:47.536Z", "groups": [], "user_permissions": []}}, {"model": "auth.user", "pk": 36, "fields": {"password": "pbkdf2_sha256$180000$r0iCw6q2cz1Q$AAzj8wwZ03zwmTZVBVJnkb5yNXTVcpvLxKCVD5LH2nI=", "last_login": "2020-07-20T09:06:19.815Z", "is_superuser": false, "username": "Gbadegesin125", "first_name": "", "last_name": "", "email": "gbadegesinolalekan@gmail.com", "is_staff": false, "is_active": true, "date_joined": "2020-07-20T09:06:19.483Z", "groups": [], "user_permissions": []}}, {"model": "auth.user", "pk": 37, "fields": {"password": "pbkdf2_sha256$180000$qQD1DMLS23ST$661DgBq3r0/BO7W1B0RpiQaUK/BkFYKtVpF2mUomcts=", "last_login": "2020-07-27T08:40:33.371Z", "is_superuser": false, "username": "Tedah", "first_name": "", "last_name": "", "email": "thobiethobie@gmail.com", "is_staff": false, "is_active": true, "date_joined": "2020-07-20T09:21:48.348Z", "groups": [], "user_permissions": []}}, {"model": "auth.user", "pk": 38, "fields": {"password": "pbkdf2_sha256$180000$b1N8douw0V2J$BGWuHjtHqZOEVE+k7fQ7qXcD4brGuj41DvOiaoNUpAg=", "last_login": "2020-07-20T09:22:23.497Z", "is_superuser": false, "username": "Thecounterfeit", "first_name": "", "last_name": "", "email": "abiyejuliusdav@gmail.com", "is_staff": false, "is_active": true, "date_joined": "2020-07-20T09:22:23.158Z", "groups": [], "user_permissions": []}}, {"model": "auth.user", "pk": 39, "fields": {"password": "pbkdf2_sha256$180000$NgdA7b3IGSOj$Irs+gveNmtbFB0VvmNfxePoMnGaYYniwAslUWUs56bw=", "last_login": "2020-07-20T09:38:54.047Z", "is_superuser": false, "username": "Leyrix", "first_name": "", "last_name": "", "email": "leyrix21@gmail.com", "is_staff": false, "is_active": true, "date_joined": "2020-07-20T09:38:53.717Z", "groups": [], "user_permissions": []}}, {"model": "auth.user", "pk": 40, "fields": {"password": "pbkdf2_sha256$180000$t3JwkJQcM2zu$s3xU8x0GSwvhqD/Ih6Lv2N3iRudRsXnm0uZZ0k7Xc9I=", "last_login": "2020-07-20T10:16:57.987Z", "is_superuser": false, "username": "Nurudeen", "first_name": "", "last_name": "", "email": "nurudeenmissa@gmail.com", "is_staff": false, "is_active": true, "date_joined": "2020-07-20T10:16:57.657Z", "groups": [], "user_permissions": []}}, {"model": "auth.user", "pk": 41, "fields": {"password": "!b64IFK7iUons5foKZT6vkCcHOYZG3GNPzgE5NB93", "last_login": "2020-07-20T10:40:24.493Z", "is_superuser": false, "username": "faolad", "first_name": "faolad", "last_name": "adeola", "email": "adeyeyea20@gmail.com", "is_staff": false, "is_active": true, "date_joined": "2020-07-20T10:40:24.450Z", "groups": [], "user_permissions": []}}, {"model": "auth.user", "pk": 42, "fields": {"password": "!0NYjfiTZxCcbe4vR9DTXxYB6Muy3IM0LHprF2wB0", "last_login": "2020-07-20T10:54:09.724Z", "is_superuser": false, "username": "olawale8", "first_name": "Olawale", "last_name": "VIBES", "email": "olawalevibes53@gmail.com", "is_staff": false, "is_active": true, "date_joined": "2020-07-20T10:54:09.681Z", "groups": [], "user_permissions": []}}, {"model": "auth.user", "pk": 43, "fields": {"password": "!DJzNSS5KMHQfhb0Yhnd3oYUbLfiSe401V1qzxRGf", "last_login": "2020-07-20T13:14:42.076Z", "is_superuser": false, "username": "cHowTv", "first_name": "", "last_name": "", "email": "", "is_staff": false, "is_active": true, "date_joined": "2020-07-20T13:14:42.042Z", "groups": [], "user_permissions": []}}, {"model": "auth.user", "pk": 44, "fields": {"password": "pbkdf2_sha256$180000$8jPYl3V3GExT$l3Y19GBn1Oyco4qGDP1Y3RYZOrTMUBXm5ytIhCr4Usc=", "last_login": "2020-07-20T14:21:57.751Z", "is_superuser": false, "username": "Gen6ix", "first_name": "", "last_name": "", "email": "gen6ixhub@gmail.com", "is_staff": false, "is_active": true, "date_joined": "2020-07-20T14:21:57.361Z", "groups": [], "user_permissions": []}}, {"model": "auth.user", "pk": 45, "fields": {"password": "!zbZuRZhKIY0YvdulRoIcwoLEyylRkS0KVgcIvqy6", "last_login": "2020-07-20T15:32:09.822Z", "is_superuser": false, "username": "precious", "first_name": "Precious", "last_name": "Edmund", "email": "chidera1915@gmail.com", "is_staff": false, "is_active": true, "date_joined": "2020-07-20T15:32:09.773Z", "groups": [], "user_permissions": []}}, {"model": "auth.user", "pk": 46, "fields": {"password": "pbkdf2_sha256$180000$CRg2fYyxHqYw$5YY2pUOVAx2c4aDpa4+8xByHRCmr2tZ0w1RjaNwzW9k=", "last_login": "2020-07-20T16:16:09.847Z", "is_superuser": false, "username": "Molten47", "first_name": "", "last_name": "", "email": "alawiyesodeeq@gmail.com", "is_staff": false, "is_active": true, "date_joined": "2020-07-20T16:16:09.514Z", "groups": [], "user_permissions": []}}, {"model": "auth.user", "pk": 47, "fields": {"password": "!blKmEeJR3FNfmxCqG4WIrEa3akuaDnQmx76DYx7A", "last_login": "2020-07-20T18:01:26.648Z", "is_superuser": false, "username": "jackson", "first_name": "Jackson", "last_name": "Emily", "email": "jacksonemily302@gmail.com", "is_staff": false, "is_active": true, "date_joined": "2020-07-20T18:01:26.598Z", "groups": [], "user_permissions": []}}, {"model": "auth.user", "pk": 48, "fields": {"password": "pbkdf2_sha256$180000$PEfJB8lQMQYb$law5WEwUydFZo/gD9wLVHR2aK+yrTPvAvlAxh2Pk51I=", "last_login": "2020-07-20T18:08:08.603Z", "is_superuser": false, "username": "Zeroink_", "first_name": "", "last_name": "", "email": "igidideborah@gmail.com", "is_staff": false, "is_active": true, "date_joined": "2020-07-20T18:08:08.245Z", "groups": [], "user_permissions": []}}, {"model": "auth.user", "pk": 49, "fields": {"password": "pbkdf2_sha256$180000$53NVnTjfsXNN$8irVOdma23k9lD/wubO3Ng98n+6mhH+A+1nJ0L9dHRI=", "last_login": "2020-07-20T18:11:12.880Z", "is_superuser": false, "username": "Prosync", "first_name": "", "last_name": "", "email": "aturuehi@gmail.com", "is_staff": false, "is_active": true, "date_joined": "2020-07-20T18:11:12.551Z", "groups": [], "user_permissions": []}}, {"model": "auth.user", "pk": 50, "fields": {"password": "pbkdf2_sha256$180000$rELBvrF8zn44$wkzgNhRgHRiGTfOutpnJHOeKs5Ytl0/eEU2LsPbbGUM=", "last_login": "2020-07-20T18:36:06.054Z", "is_superuser": false, "username": "Ibrash", "first_name": "", "last_name": "", "email": "ibrahimabdulrasheed9@gmail.com", "is_staff": false, "is_active": true, "date_joined": "2020-07-20T18:36:05.722Z", "groups": [], "user_permissions": []}}, {"model": "auth.user", "pk": 51, "fields": {"password": "pbkdf2_sha256$180000$kHbNtKHdPGMl$dmd+KA6O8ubpVxY1Yc0aQTmpdprtsZrY1CAu76wHv9U=", "last_login": "2020-07-20T20:36:49.003Z", "is_superuser": false, "username": "Areoye03", "first_name": "", "last_name": "", "email": "areoyejnr@gmail.com", "is_staff": false, "is_active": true, "date_joined": "2020-07-20T20:36:48.668Z", "groups": [], "user_permissions": []}}, {"model": "auth.user", "pk": 52, "fields": {"password": "!Wc5iXhtE5vdSEMiBefHK8O2CEnVV2SFg6l6qdZPW", "last_login": "2020-07-20T20:40:00.610Z", "is_superuser": false, "username": "okunola", "first_name": "Okunola", "last_name": "David Ayomide", "email": "davidayomide2018@gmail.com", "is_staff": false, "is_active": true, "date_joined": "2020-07-20T20:40:00.569Z", "groups": [], "user_permissions": []}}, {"model": "auth.user", "pk": 53, "fields": {"password": "pbkdf2_sha256$180000$wYbwT2Famp1A$la4psWztP9jI0IhL0Kx+FKNcrv/aWVge6pjlefOSNGk=", "last_login": "2020-07-20T20:43:46.620Z", "is_superuser": false, "username": "Chocboy", "first_name": "", "last_name": "", "email": "francisegbuleze@gmail.com", "is_staff": false, "is_active": true, "date_joined": "2020-07-20T20:43:46.268Z", "groups": [], "user_permissions": []}}, {"model": "auth.user", "pk": 54, "fields": {"password": "!RGzGObt0ftOjr7naKRecyhlan4coOhMJPqEzH6fn", "last_login": "2020-07-20T20:47:38.680Z", "is_superuser": false, "username": "naijabase", "first_name": "Naijabase", "last_name": "media", "email": "edwinayabie1@gmail.com", "is_staff": false, "is_active": true, "date_joined": "2020-07-20T20:47:38.635Z", "groups": [], "user_permissions": []}}, {"model": "auth.user", "pk": 55, "fields": {"password": "!IU17r6FsniyfQxSlwJVLRtJc7v6nalvhlV9FwGPH", "last_login": "2020-07-20T20:50:30.408Z", "is_superuser": false, "username": "marwan", "first_name": "Marwan", "last_name": "Muhd", "email": "mrwnmuhd@gmail.com", "is_staff": false, "is_active": true, "date_joined": "2020-07-20T20:50:30.364Z", "groups": [], "user_permissions": []}}, {"model": "auth.user", "pk": 56, "fields": {"password": "pbkdf2_sha256$180000$i6RwrSBu3y18$5gx0zh5ayPbqFCtFxxrL/skhUDsSznpQahkTLeiEbdU=", "last_login": "2020-07-20T20:52:38.833Z", "is_superuser": false, "username": "Prince", "first_name": "", "last_name": "", "email": "princeanozie25@gmail.com", "is_staff": false, "is_active": true, "date_joined": "2020-07-20T20:52:38.499Z", "groups": [], "user_permissions": []}}, {"model": "auth.user", "pk": 57, "fields": {"password": "pbkdf2_sha256$180000$iLJD52TWW02o$HgCyK42a3kLw2ii/H124vcB7y4N7SRoQl/VWjo7MiUo=", "last_login": "2020-07-20T20:55:09.519Z", "is_superuser": false, "username": "Dainty", "first_name": "", "last_name": "", "email": "pedetin.awhanto.190143033@st.lasu.edu.ng", "is_staff": false, "is_active": true, "date_joined": "2020-07-20T20:55:09.186Z", "groups": [], "user_permissions": []}}, {"model": "auth.user", "pk": 58, "fields": {"password": "pbkdf2_sha256$180000$4emc6Ugmz6uE$zZx8ZMM7aWMussa1QkoXip5SsmqziJGAbnXRR/4cYjo=", "last_login": "2020-07-20T21:01:40.489Z", "is_superuser": false, "username": "Emmanuel", "first_name": "", "last_name": "", "email": "ogadiemmanuel4@gmail.com", "is_staff": false, "is_active": true, "date_joined": "2020-07-20T21:01:40.161Z", "groups": [], "user_permissions": []}}, {"model": "auth.user", "pk": 59, "fields": {"password": "pbkdf2_sha256$180000$IuqOrqdt6rL2$ypg5Sz/WjA8noOyc43I2LIFCjcoJtu6dWzcGlXK81Bg=", "last_login": "2020-07-20T21:16:35.049Z", "is_superuser": false, "username": "Komputerkunle1", "first_name": "", "last_name": "", "email": "abassadeyemo32@gmail.com", "is_staff": false, "is_active": true, "date_joined": "2020-07-20T21:16:34.719Z", "groups": [], "user_permissions": []}}, {"model": "auth.user", "pk": 60, "fields": {"password": "pbkdf2_sha256$180000$KaiUERtM7Cfl$IB2cEm/hJjPUZv7G5VU2b8+GmbFFNJoeDc6m3UMsncE=", "last_login": "2020-07-20T21:55:58.894Z", "is_superuser": false, "username": "Damilola", "first_name": "", "last_name": "", "email": "olawal878@gmail.com", "is_staff": false, "is_active": true, "date_joined": "2020-07-20T21:55:58.565Z", "groups": [], "user_permissions": []}}, {"model": "auth.user", "pk": 61, "fields": {"password": "pbkdf2_sha256$180000$Qy9O3THhreeq$fJkQfnQMGGKoMUro6G45zA/GEHxM2qVP+jda/6Rv7qo=", "last_login": "2020-07-20T22:20:36.785Z", "is_superuser": false, "username": "Amblest", "first_name": "", "last_name": "", "email": "amblestkanu@gmail.com", "is_staff": false, "is_active": true, "date_joined": "2020-07-20T22:20:36.457Z", "groups": [], "user_permissions": []}}, {"model": "auth.user", "pk": 62, "fields": {"password": "pbkdf2_sha256$180000$Q7RN2pnIf1bE$VzQhtg8yuae2mgoCuQkuCHw5p2f8lW1SbBx54n6ruwM=", "last_login": "2020-07-20T22:48:36.623Z", "is_superuser": false, "username": "Hdairo", "first_name": "", "last_name": "", "email": "hdairo1999@gmail.com", "is_staff": false, "is_active": true, "date_joined": "2020-07-20T22:48:36.289Z", "groups": [], "user_permissions": []}}, {"model": "auth.user", "pk": 63, "fields": {"password": "pbkdf2_sha256$180000$qeDO56GSAUjM$modITqFH7lGZdIMzEXnzb8KPdRu5qOWOSwNJ/g24/+k=", "last_login": "2020-07-20T22:51:48.713Z", "is_superuser": false, "username": "Danny02", "first_name": "", "last_name": "", "email": "aremodaniel05@gmail.com", "is_staff": false, "is_active": true, "date_joined": "2020-07-20T22:51:48.384Z", "groups": [], "user_permissions": []}}, {"model": "auth.user", "pk": 64, "fields": {"password": "pbkdf2_sha256$180000$1ePIkBYJdFXH$WcV++BH0a5SCqKFU0igYObU5WN9V8Hf+o/UE4X86YMs=", "last_login": "2020-07-20T22:59:05.228Z", "is_superuser": false, "username": "Eemmanuel", "first_name": "", "last_name": "", "email": "fatunmbioluwaseyi30@gmail.com", "is_staff": false, "is_active": true, "date_joined": "2020-07-20T22:59:04.898Z", "groups": [], "user_permissions": []}}, {"model": "auth.user", "pk": 65, "fields": {"password": "pbkdf2_sha256$180000$WzLLCWxUHNQE$7wWpqC3GUGVMWtxqSVXrz/4nniphQGQ/rsR2ePOTkSk=", "last_login": "2020-07-20T23:15:21.939Z", "is_superuser": false, "username": "Pahpito", "first_name": "", "last_name": "", "email": "lateeftsn@gmail.com", "is_staff": false, "is_active": true, "date_joined": "2020-07-20T23:15:21.605Z", "groups": [], "user_permissions": []}}, {"model": "auth.user", "pk": 66, "fields": {"password": "pbkdf2_sha256$180000$EPFcqBJXJTmL$MHu+2cUBW8abYkErqRX/PeFzgY2rk8RtKoAdcpU9cSc=", "last_login": "2020-07-20T23:28:28.345Z", "is_superuser": false, "username": "Mgumar", "first_name": "", "last_name": "", "email": "mglawanumar@gmail.com", "is_staff": false, "is_active": true, "date_joined": "2020-07-20T23:28:28.018Z", "groups": [], "user_permissions": []}}, {"model": "auth.user", "pk": 67, "fields": {"password": "pbkdf2_sha256$180000$JSZKaNtizeSX$qhoC/N+qfUvOIC8M2us9Pw4JD02ONvS21yW2RaOM0o0=", "last_login": "2020-07-21T00:24:01.421Z", "is_superuser": false, "username": "@fhyno_yet74", "first_name": "", "last_name": "", "email": "finayonyetonyon@gmail.com", "is_staff": false, "is_active": true, "date_joined": "2020-07-21T00:24:01.090Z", "groups": [], "user_permissions": []}}, {"model": "auth.user", "pk": 68, "fields": {"password": "pbkdf2_sha256$180000$hH3UBX6IaYNW$6k3lL2ECN1c5SzS+O7VpvqdVOW1Wc/R0o2os+Nyo1h0=", "last_login": "2020-07-21T00:52:49.368Z", "is_superuser": false, "username": "Francis", "first_name": "", "last_name": "", "email": "samuel11647@gmail.com", "is_staff": false, "is_active": true, "date_joined": "2020-07-21T00:52:49.038Z", "groups": [], "user_permissions": []}}, {"model": "auth.user", "pk": 69, "fields": {"password": "pbkdf2_sha256$180000$9lSraPik4Ihk$bftI63P5C0XZ6mcuOL6QzpmHjSQa2xwxQ+WkjJPMSZY=", "last_login": "2020-07-21T07:05:30.387Z", "is_superuser": false, "username": "Jeremiah23", "first_name": "", "last_name": "", "email": "omoruyijeremiah3@gmail.com", "is_staff": false, "is_active": true, "date_joined": "2020-07-21T07:05:30.005Z", "groups": [], "user_permissions": []}}, {"model": "auth.user", "pk": 70, "fields": {"password": "pbkdf2_sha256$180000$SVf85r2vZrVy$c1MlII7y5vmt7pdFwl4HQyJeKLoHSkMmu954fK91vBY=", "last_login": "2020-07-21T07:20:17.958Z", "is_superuser": false, "username": "Dave", "first_name": "", "last_name": "", "email": "tvstraightup@gmail.com", "is_staff": false, "is_active": true, "date_joined": "2020-07-21T07:20:17.626Z", "groups": [], "user_permissions": []}}, {"model": "auth.user", "pk": 71, "fields": {"password": "pbkdf2_sha256$180000$VjYHLwNXUDBZ$qic94Jypo2yrHsHWNcrnJAemBHXkDymmAYc6q075lKA=", "last_login": "2020-07-21T11:35:39.997Z", "is_superuser": false, "username": "Darh_Mhy_Lahray", "first_name": "", "last_name": "", "email": "justintucker040@gmail.com", "is_staff": false, "is_active": true, "date_joined": "2020-07-21T11:35:39.591Z", "groups": [], "user_permissions": []}}, {"model": "auth.user", "pk": 72, "fields": {"password": "pbkdf2_sha256$180000$yLeouNoKzuS2$XrQyqPCzTQcGXZc5T8p2svuu8lEWV7DDvYNjixs2RaE=", "last_login": "2020-07-22T07:01:48.315Z", "is_superuser": false, "username": "damistotle", "first_name": "", "last_name": "", "email": "odamistotle@gmail.com", "is_staff": false, "is_active": true, "date_joined": "2020-07-22T07:01:47.975Z", "groups": [], "user_permissions": []}}, {"model": "auth.user", "pk": 73, "fields": {"password": "!Zr2LcFETdCBKoTnhW08aCqE5kHjU15x57DBabvMn", "last_login": "2020-07-22T08:57:16.611Z", "is_superuser": false, "username": "Segzyosm5", "first_name": "", "last_name": "", "email": "", "is_staff": false, "is_active": true, "date_joined": "2020-07-22T08:57:16.573Z", "groups": [], "user_permissions": []}}, {"model": "auth.user", "pk": 74, "fields": {"password": "!rYDDW2NIutKaoLojIYZfAHkYWVVupJPMTRqsLLSK", "last_login": "2020-07-22T15:24:29.036Z", "is_superuser": false, "username": "earl", "first_name": "Earl", "last_name": "Tbam", "email": "phpmyearl@gmail.com", "is_staff": false, "is_active": true, "date_joined": "2020-07-22T15:24:28.987Z", "groups": [], "user_permissions": []}}, {"model": "auth.user", "pk": 75, "fields": {"password": "!YTi1cAebRQNYhYYac9miz1u3E7LKldRugmN3ptRY", "last_login": "2020-07-22T21:00:27.757Z", "is_superuser": false, "username": "Bappa-Kamba", "first_name": "", "last_name": "", "email": "", "is_staff": false, "is_active": true, "date_joined": "2020-07-22T21:00:27.721Z", "groups": [], "user_permissions": []}}, {"model": "auth.user", "pk": 76, "fields": {"password": "pbkdf2_sha256$180000$e8tR0KsCHadh$PdnJCyLuPq5fOil5mSmwsS50LKbDZoy7Mx25RTVYbEU=", "last_login": "2020-07-22T22:43:49.586Z", "is_superuser": false, "username": "Rheji", "first_name": "", "last_name": "", "email": "rejoiceadeola21@gmail.com", "is_staff": false, "is_active": true, "date_joined": "2020-07-22T22:43:49.232Z", "groups": [], "user_permissions": []}}, {"model": "auth.user", "pk": 77, "fields": {"password": "!7Y3KZwBlFeChmrX1Aox1sKXXJ5bxlEzgUM2JzNIV", "last_login": "2020-07-23T07:22:25.339Z", "is_superuser": false, "username": "Caryourdaysbm", "first_name": "", "last_name": "", "email": "", "is_staff": false, "is_active": true, "date_joined": "2020-07-23T07:22:25.288Z", "groups": [], "user_permissions": []}}, {"model": "auth.user", "pk": 78, "fields": {"password": "pbkdf2_sha256$180000$Jt4dlasouRzW$l+9jf1r+uO47KgumNYEznzq3CC/6VcPFvbxjETv3SRg=", "last_login": "2020-07-23T14:53:43.628Z", "is_superuser": false, "username": "bolamakinwa", "first_name": "", "last_name": "", "email": "makinwabee@gmail.com", "is_staff": false, "is_active": true, "date_joined": "2020-07-23T14:53:43.271Z", "groups": [], "user_permissions": []}}, {"model": "auth.user", "pk": 79, "fields": {"password": "pbkdf2_sha256$180000$xEq2jm4xmjXD$TzK0TgUXqyyKbufIauvqaovFCc+yYLPEM8AMgNZtpg4=", "last_login": "2020-07-27T10:56:22.776Z", "is_superuser": false, "username": "Abiola", "first_name": "", "last_name": "", "email": "akintundeabiola1997@gmail.com", "is_staff": false, "is_active": true, "date_joined": "2020-07-27T10:56:22.435Z", "groups": [], "user_permissions": []}}, {"model": "account.emailaddress", "pk": 1, "fields": {"user": 2, "email": "proflamybbt@gmail.com", "verified": false, "primary": false}}, {"model": "account.emailaddress", "pk": 2, "fields": {"user": 2, "email": "proflamyt@gmail.com", "verified": true, "primary": true}}, {"model": "account.emailaddress", "pk": 3, "fields": {"user": 4, "email": "earlacount@gmail.com", "verified": true, "primary": true}}, {"model": "account.emailaddress", "pk": 4, "fields": {"user": 5, "email": "seehowtv@gmail.com", "verified": true, "primary": true}}, {"model": "account.emailaddress", "pk": 5, "fields": {"user": 11, "email": "tee.illustrations1@gmail.com", "verified": true, "primary": true}}, {"model": "account.emailaddress", "pk": 6, "fields": {"user": 13, "email": "ipensenelly@gmail.com", "verified": true, "primary": true}}, {"model": "account.emailaddress", "pk": 7, "fields": {"user": 23, "email": "anosikechijioke88@gmail.com", "verified": true, "primary": true}}, {"model": "account.emailaddress", "pk": 8, "fields": {"user": 26, "email": "belloabdulhakeemolamide@gmail.com", "verified": true, "primary": true}}, {"model": "account.emailaddress", "pk": 9, "fields": {"user": 27, "email": "willbanjit@gmail.com", "verified": true, "primary": true}}, {"model": "account.emailaddress", "pk": 10, "fields": {"user": 32, "email": "kennedykc55@gmail.com", "verified": true, "primary": true}}, {"model": "account.emailaddress", "pk": 11, "fields": {"user": 35, "email": "horlarhyanjuhjoseph@gmail.com", "verified": true, "primary": true}}, {"model": "account.emailaddress", "pk": 12, "fields": {"user": 41, "email": "adeyeyea20@gmail.com", "verified": true, "primary": true}}, {"model": "account.emailaddress", "pk": 13, "fields": {"user": 42, "email": "olawalevibes53@gmail.com", "verified": true, "primary": true}}, {"model": "account.emailaddress", "pk": 14, "fields": {"user": 45, "email": "chidera1915@gmail.com", "verified": true, "primary": true}}, {"model": "account.emailaddress", "pk": 15, "fields": {"user": 47, "email": "jacksonemily302@gmail.com", "verified": true, "primary": true}}, {"model": "account.emailaddress", "pk": 16, "fields": {"user": 52, "email": "davidayomide2018@gmail.com", "verified": true, "primary": true}}, {"model": "account.emailaddress", "pk": 17, "fields": {"user": 54, "email": "edwinayabie1@gmail.com", "verified": true, "primary": true}}, {"model": "account.emailaddress", "pk": 18, "fields": {"user": 55, "email": "mrwnmuhd@gmail.com", "verified": true, "primary": true}}, {"model": "account.emailaddress", "pk": 19, "fields": {"user": 74, "email": "phpmyearl@gmail.com", "verified": true, "primary": true}}, {"model": "socialaccount.socialaccount", "pk": 1, "fields": {"user": 2, "provider": "google", "uid": "100167937752523598759", "last_login": "2020-07-16T12:51:02.116Z", "date_joined": "2020-07-14T06:16:13.732Z", "extra_data": "{\"id\": \"100167937752523598759\", \"email\": \"proflamyt@gmail.com\", \"verified_email\": true, \"name\": \"olawale olamide\", \"given_name\": \"olawale\", \"family_name\": \"olamide\", \"picture\": \"https://lh4.googleusercontent.com/-ydknrckNDbY/AAAAAAAAAAI/AAAAAAAABjQ/AMZuuclFo01h_tA7XPgh5CvX0W0XVClaDQ/photo.jpg\", \"locale\": \"en\"}"}}, {"model": "socialaccount.socialaccount", "pk": 2, "fields": {"user": 4, "provider": "google", "uid": "103434863116111918833", "last_login": "2020-07-18T19:26:45.353Z", "date_joined": "2020-07-17T09:53:36.481Z", "extra_data": "{\"id\": \"103434863116111918833\", \"email\": \"earlacount@gmail.com\", \"verified_email\": true, \"name\": \"Olawaleabdul Akintayotolu\", \"given_name\": \"Olawaleabdul\", \"family_name\": \"Akintayotolu\", \"picture\": \"https://lh4.googleusercontent.com/-GD0YZe5vL3o/AAAAAAAAAAI/AAAAAAAAAAA/AMZuuclQ4QG4Zf2Y1O961AC7Ab9GjqjKlg/photo.jpg\", \"locale\": \"en\"}"}}, {"model": "socialaccount.socialaccount", "pk": 3, "fields": {"user": 5, "provider": "google", "uid": "101925506369157481252", "last_login": "2020-07-18T20:49:38.742Z", "date_joined": "2020-07-18T20:49:38.742Z", "extra_data": "{\"id\": \"101925506369157481252\", \"email\": \"seehowtv@gmail.com\", \"verified_email\": true, \"name\": \"olawale olamide\", \"given_name\": \"olawale\", \"family_name\": \"olamide\", \"picture\": \"https://lh6.googleusercontent.com/-mYCHb_C-7no/AAAAAAAAAAI/AAAAAAAAAAA/AMZuucmqabCiakMl0CrCpGbc3Mi2fzXINA/photo.jpg\", \"locale\": \"en\"}"}}, {"model": "socialaccount.socialaccount", "pk": 4, "fields": {"user": 11, "provider": "google", "uid": "102546934887920004534", "last_login": "2020-07-19T22:38:56.252Z", "date_joined": "2020-07-19T22:38:56.252Z", "extra_data": "{\"id\": \"102546934887920004534\", \"email\": \"tee.illustrations1@gmail.com\", \"verified_email\": true, \"name\": \"Toby Rapheal\", \"given_name\": \"Toby\", \"family_name\": \"Rapheal\", \"picture\": \"https://lh4.googleusercontent.com/-nLhcJdN-NGQ/AAAAAAAAAAI/AAAAAAAAAAA/AMZuucn8tl9BahNkY2gaDm-9Gn8DHxcN3Q/photo.jpg\", \"locale\": \"en\"}"}}, {"model": "socialaccount.socialaccount", "pk": 5, "fields": {"user": 13, "provider": "google", "uid": "116134730438788055486", "last_login": "2020-07-19T22:52:41.830Z", "date_joined": "2020-07-19T22:52:41.830Z", "extra_data": "{\"id\": \"116134730438788055486\", \"email\": \"ipensenelly@gmail.com\", \"verified_email\": true, \"name\": \"Ipense Choice\", \"given_name\": \"Ipense\", \"family_name\": \"Choice\", \"picture\": \"https://lh5.googleusercontent.com/-CB2O8E8uQy4/AAAAAAAAAAI/AAAAAAAAAAA/AMZuucngYGlJjf33GUYvxRy00xydtzv3vw/photo.jpg\", \"locale\": \"en\"}"}}, {"model": "socialaccount.socialaccount", "pk": 6, "fields": {"user": 23, "provider": "google", "uid": "103485203494661806025", "last_login": "2020-07-20T02:54:27.462Z", "date_joined": "2020-07-20T02:54:27.462Z", "extra_data": "{\"id\": \"103485203494661806025\", \"email\": \"anosikechijioke88@gmail.com\", \"verified_email\": true, \"name\": \"Anosike Chijioke\", \"given_name\": \"Anosike\", \"family_name\": \"Chijioke\", \"picture\": \"https://lh5.googleusercontent.com/-_1BfdnNURxM/AAAAAAAAAAI/AAAAAAAAAAA/AMZuuckvvC_dBNYQDgjSJcrIDhxUcViF0g/photo.jpg\", \"locale\": \"en\"}"}}, {"model": "socialaccount.socialaccount", "pk": 7, "fields": {"user": 26, "provider": "google", "uid": "106601862653870602362", "last_login": "2020-07-20T05:46:44.025Z", "date_joined": "2020-07-20T05:46:44.025Z", "extra_data": "{\"id\": \"106601862653870602362\", \"email\": \"belloabdulhakeemolamide@gmail.com\", \"verified_email\": true, \"name\": \"Bello Abdulhakeem\", \"given_name\": \"Bello\", \"family_name\": \"Abdulhakeem\", \"picture\": \"https://lh6.googleusercontent.com/-2Ghi8Qp6vCM/AAAAAAAAAAI/AAAAAAAAAAA/AMZuucnz5z1gB1b0c9EsL4LcUN-MFmP_FQ/photo.jpg\", \"locale\": \"en\"}"}}, {"model": "socialaccount.socialaccount", "pk": 8, "fields": {"user": 27, "provider": "google", "uid": "105127340961736386249", "last_login": "2020-07-20T07:28:11.621Z", "date_joined": "2020-07-20T07:28:11.621Z", "extra_data": "{\"id\": \"105127340961736386249\", \"email\": \"willbanjit@gmail.com\", \"verified_email\": true, \"name\": \"Tolulope Olabanji\", \"given_name\": \"Tolulope\", \"family_name\": \"Olabanji\", \"picture\": \"https://lh6.googleusercontent.com/-oTSjbk5IiQ4/AAAAAAAAAAI/AAAAAAAAAAA/AMZuuclXBMSfm0YCA09r7SjMa11_E39VVg/photo.jpg\", \"locale\": \"en\"}"}}, {"model": "socialaccount.socialaccount", "pk": 9, "fields": {"user": 32, "provider": "google", "uid": "116422638563003919547", "last_login": "2020-07-20T08:50:00.925Z", "date_joined": "2020-07-20T08:50:00.925Z", "extra_data": "{\"id\": \"116422638563003919547\", \"email\": \"kennedykc55@gmail.com\", \"verified_email\": true, \"name\": \"kennedy kc\", \"given_name\": \"kennedy\", \"family_name\": \"kc\", \"picture\": \"https://lh3.googleusercontent.com/a-/AOh14GgqfgsZJ7SXZfNmTaAGRcot7Oh36A_6PO_JnT21BA\", \"locale\": \"en\"}"}}, {"model": "socialaccount.socialaccount", "pk": 10, "fields": {"user": 35, "provider": "google", "uid": "101340751034456382459", "last_login": "2020-07-20T09:05:47.548Z", "date_joined": "2020-07-20T09:05:47.548Z", "extra_data": "{\"id\": \"101340751034456382459\", \"email\": \"horlarhyanjuhjoseph@gmail.com\", \"verified_email\": true, \"name\": \"Joseph Olayanju\", \"given_name\": \"Joseph\", \"family_name\": \"Olayanju\", \"picture\": \"https://lh3.googleusercontent.com/a-/AOh14GiT0HLqt4MCyNX6Rrr_nSTEiMnEX1z-t6pqKN2gwTU\", \"locale\": \"en-GB\"}"}}, {"model": "socialaccount.socialaccount", "pk": 11, "fields": {"user": 41, "provider": "google", "uid": "100826320770733580785", "last_login": "2020-07-20T10:40:24.461Z", "date_joined": "2020-07-20T10:40:24.461Z", "extra_data": "{\"id\": \"100826320770733580785\", \"email\": \"adeyeyea20@gmail.com\", \"verified_email\": true, \"name\": \"faolad adeola\", \"given_name\": \"faolad\", \"family_name\": \"adeola\", \"picture\": \"https://lh4.googleusercontent.com/-m3l0TteakDo/AAAAAAAAAAI/AAAAAAAAAAA/AMZuuclGjsH73SgUioEKgs7qGVpjGyMCbQ/photo.jpg\", \"locale\": \"en\"}"}}, {"model": "socialaccount.socialaccount", "pk": 12, "fields": {"user": 42, "provider": "google", "uid": "112142832102795590883", "last_login": "2020-07-20T10:54:09.693Z", "date_joined": "2020-07-20T10:54:09.694Z", "extra_data": "{\"id\": \"112142832102795590883\", \"email\": \"olawalevibes53@gmail.com\", \"verified_email\": true, \"name\": \"Olawale VIBES\", \"given_name\": \"Olawale\", \"family_name\": \"VIBES\", \"picture\": \"https://lh5.googleusercontent.com/-If83cyEjZ00/AAAAAAAAAAI/AAAAAAAAAAA/AMZuucnimdWEt45GAjCX-GpwipFgwxMq5w/photo.jpg\", \"locale\": \"en\"}"}}, {"model": "socialaccount.socialaccount", "pk": 13, "fields": {"user": 43, "provider": "github", "uid": "65502242", "last_login": "2020-07-20T13:14:42.052Z", "date_joined": "2020-07-20T13:14:42.052Z", "extra_data": "{\"login\": \"cHowTv\", \"id\": 65502242, \"node_id\": \"MDQ6VXNlcjY1NTAyMjQy\", \"avatar_url\": \"https://avatars0.githubusercontent.com/u/65502242?v=4\", \"gravatar_id\": \"\", \"url\": \"https://api.github.com/users/cHowTv\", \"html_url\": \"https://github.com/cHowTv\", \"followers_url\": \"https://api.github.com/users/cHowTv/followers\", \"following_url\": \"https://api.github.com/users/cHowTv/following{/other_user}\", \"gists_url\": \"https://api.github.com/users/cHowTv/gists{/gist_id}\", \"starred_url\": \"https://api.github.com/users/cHowTv/starred{/owner}{/repo}\", \"subscriptions_url\": \"https://api.github.com/users/cHowTv/subscriptions\", \"organizations_url\": \"https://api.github.com/users/cHowTv/orgs\", \"repos_url\": \"https://api.github.com/users/cHowTv/repos\", \"events_url\": \"https://api.github.com/users/cHowTv/events{/privacy}\", \"received_events_url\": \"https://api.github.com/users/cHowTv/received_events\", \"type\": \"User\", \"site_admin\": false, \"name\": null, \"company\": null, \"blog\": \"\", \"location\": null, \"email\": null, \"hireable\": null, \"bio\": null, \"twitter_username\": null, \"public_repos\": 2, \"public_gists\": 0, \"followers\": 2, \"following\": 0, \"created_at\": \"2020-05-17T16:13:48Z\", \"updated_at\": \"2020-07-20T11:30:43Z\"}"}}, {"model": "socialaccount.socialaccount", "pk": 14, "fields": {"user": 45, "provider": "google", "uid": "109589267446280253960", "last_login": "2020-07-20T15:32:09.791Z", "date_joined": "2020-07-20T15:32:09.791Z", "extra_data": "{\"id\": \"109589267446280253960\", \"email\": \"chidera1915@gmail.com\", \"verified_email\": true, \"name\": \"Precious Edmund\", \"given_name\": \"Precious\", \"family_name\": \"Edmund\", \"picture\": \"https://lh3.googleusercontent.com/a-/AOh14Gi3EKQ82Y5SDuaOKJVPJlKnkxVmCiPrHUsPWbct8g\", \"locale\": \"en\"}"}}, {"model": "socialaccount.socialaccount", "pk": 15, "fields": {"user": 47, "provider": "google", "uid": "110204044121572534208", "last_login": "2020-07-20T18:01:26.615Z", "date_joined": "2020-07-20T18:01:26.615Z", "extra_data": "{\"id\": \"110204044121572534208\", \"email\": \"jacksonemily302@gmail.com\", \"verified_email\": true, \"name\": \"Jackson Emily\", \"given_name\": \"Jackson\", \"family_name\": \"Emily\", \"picture\": \"https://lh3.googleusercontent.com/a-/AOh14GgYWfcYh5IZ57pKkPg0N5Jb5doANFJmZ7kE-huw1g\", \"locale\": \"en\"}"}}, {"model": "socialaccount.socialaccount", "pk": 16, "fields": {"user": 52, "provider": "google", "uid": "103011322781884694766", "last_login": "2020-07-20T20:40:00.580Z", "date_joined": "2020-07-20T20:40:00.580Z", "extra_data": "{\"id\": \"103011322781884694766\", \"email\": \"davidayomide2018@gmail.com\", \"verified_email\": true, \"name\": \"Okunola David Ayomide\", \"given_name\": \"Okunola\", \"family_name\": \"David Ayomide\", \"picture\": \"https://lh3.googleusercontent.com/a-/AOh14GhWy0c-AQ-FjrBA4yL00NDcXU_u9w3agMkVwYSk\", \"locale\": \"en\"}"}}, {"model": "socialaccount.socialaccount", "pk": 17, "fields": {"user": 54, "provider": "google", "uid": "102564997980865702980", "last_login": "2020-07-20T20:47:38.647Z", "date_joined": "2020-07-20T20:47:38.647Z", "extra_data": "{\"id\": \"102564997980865702980\", \"email\": \"edwinayabie1@gmail.com\", \"verified_email\": true, \"name\": \"Naijabase media\", \"given_name\": \"Naijabase\", \"family_name\": \"media\", \"picture\": \"https://lh3.googleusercontent.com/-ay-PbJB08dc/AAAAAAAAAAI/AAAAAAAAAAA/AMZuuck2YzG3BFn92evnbu7OEUCoCS_UDA/photo.jpg\", \"locale\": \"en-GB\"}"}}, {"model": "socialaccount.socialaccount", "pk": 18, "fields": {"user": 55, "provider": "google", "uid": "110288919400942269046", "last_login": "2020-07-20T20:50:30.375Z", "date_joined": "2020-07-20T20:50:30.375Z", "extra_data": "{\"id\": \"110288919400942269046\", \"email\": \"mrwnmuhd@gmail.com\", \"verified_email\": true, \"name\": \"Marwan Muhd\", \"given_name\": \"Marwan\", \"family_name\": \"Muhd\", \"picture\": \"https://lh5.googleusercontent.com/--soeVPrQhaU/AAAAAAAAAAI/AAAAAAAAAAA/AMZuuclWD7xlF1RUqpOo31L4vE3uphirAA/photo.jpg\", \"locale\": \"en\"}"}}, {"model": "socialaccount.socialaccount", "pk": 19, "fields": {"user": 73, "provider": "github", "uid": "64840949", "last_login": "2020-07-22T08:57:16.585Z", "date_joined": "2020-07-22T08:57:16.585Z", "extra_data": "{\"login\": \"Segzyosm5\", \"id\": 64840949, \"node_id\": \"MDQ6VXNlcjY0ODQwOTQ5\", \"avatar_url\": \"https://avatars2.githubusercontent.com/u/64840949?v=4\", \"gravatar_id\": \"\", \"url\": \"https://api.github.com/users/Segzyosm5\", \"html_url\": \"https://github.com/Segzyosm5\", \"followers_url\": \"https://api.github.com/users/Segzyosm5/followers\", \"following_url\": \"https://api.github.com/users/Segzyosm5/following{/other_user}\", \"gists_url\": \"https://api.github.com/users/Segzyosm5/gists{/gist_id}\", \"starred_url\": \"https://api.github.com/users/Segzyosm5/starred{/owner}{/repo}\", \"subscriptions_url\": \"https://api.github.com/users/Segzyosm5/subscriptions\", \"organizations_url\": \"https://api.github.com/users/Segzyosm5/orgs\", \"repos_url\": \"https://api.github.com/users/Segzyosm5/repos\", \"events_url\": \"https://api.github.com/users/Segzyosm5/events{/privacy}\", \"received_events_url\": \"https://api.github.com/users/Segzyosm5/received_events\", \"type\": \"User\", \"site_admin\": false, \"name\": null, \"company\": null, \"blog\": \"\", \"location\": null, \"email\": null, \"hireable\": null, \"bio\": null, \"twitter_username\": null, \"public_repos\": 6, \"public_gists\": 0, \"followers\": 0, \"following\": 0, \"created_at\": \"2020-05-05T11:03:57Z\", \"updated_at\": \"2020-07-17T15:45:18Z\"}"}}, {"model": "socialaccount.socialaccount", "pk": 20, "fields": {"user": 74, "provider": "google", "uid": "103812898902289664463", "last_login": "2020-07-22T15:24:29.003Z", "date_joined": "2020-07-22T15:24:29.003Z", "extra_data": "{\"id\": \"103812898902289664463\", \"email\": \"phpmyearl@gmail.com\", \"verified_email\": true, \"name\": \"Earl Tbam\", \"given_name\": \"Earl\", \"family_name\": \"Tbam\", \"picture\": \"https://lh5.googleusercontent.com/-Us2k-I0bcOU/AAAAAAAAAAI/AAAAAAAAAAA/AMZuucmGA9JQb4Nk9_GdM3rJPhh-gFLXRQ/photo.jpg\", \"locale\": \"en\"}"}}, {"model": "socialaccount.socialaccount", "pk": 21, "fields": {"user": 75, "provider": "github", "uid": "65113434", "last_login": "2020-07-22T21:00:27.732Z", "date_joined": "2020-07-22T21:00:27.732Z", "extra_data": "{\"login\": \"Bappa-Kamba\", \"id\": 65113434, \"node_id\": \"MDQ6VXNlcjY1MTEzNDM0\", \"avatar_url\": \"https://avatars1.githubusercontent.com/u/65113434?v=4\", \"gravatar_id\": \"\", \"url\": \"https://api.github.com/users/Bappa-Kamba\", \"html_url\": \"https://github.com/Bappa-Kamba\", \"followers_url\": \"https://api.github.com/users/Bappa-Kamba/followers\", \"following_url\": \"https://api.github.com/users/Bappa-Kamba/following{/other_user}\", \"gists_url\": \"https://api.github.com/users/Bappa-Kamba/gists{/gist_id}\", \"starred_url\": \"https://api.github.com/users/Bappa-Kamba/starred{/owner}{/repo}\", \"subscriptions_url\": \"https://api.github.com/users/Bappa-Kamba/subscriptions\", \"organizations_url\": \"https://api.github.com/users/Bappa-Kamba/orgs\", \"repos_url\": \"https://api.github.com/users/Bappa-Kamba/repos\", \"events_url\": \"https://api.github.com/users/Bappa-Kamba/events{/privacy}\", \"received_events_url\": \"https://api.github.com/users/Bappa-Kamba/received_events\", \"type\": \"User\", \"site_admin\": false, \"name\": null, \"company\": null, \"blog\": \"\", \"location\": null, \"email\": null, \"hireable\": null, \"bio\": null, \"twitter_username\": null, \"public_repos\": 3, \"public_gists\": 0, \"followers\": 0, \"following\": 0, \"created_at\": \"2020-05-10T10:28:02Z\", \"updated_at\": \"2020-07-22T21:00:20Z\"}"}}, {"model": "socialaccount.socialaccount", "pk": 22, "fields": {"user": 77, "provider": "github", "uid": "65360089", "last_login": "2020-07-23T07:22:25.301Z", "date_joined": "2020-07-23T07:22:25.301Z", "extra_data": "{\"login\": \"Caryourdaysbm\", \"id\": 65360089, \"node_id\": \"MDQ6VXNlcjY1MzYwMDg5\", \"avatar_url\": \"https://avatars3.githubusercontent.com/u/65360089?v=4\", \"gravatar_id\": \"\", \"url\": \"https://api.github.com/users/Caryourdaysbm\", \"html_url\": \"https://github.com/Caryourdaysbm\", \"followers_url\": \"https://api.github.com/users/Caryourdaysbm/followers\", \"following_url\": \"https://api.github.com/users/Caryourdaysbm/following{/other_user}\", \"gists_url\": \"https://api.github.com/users/Caryourdaysbm/gists{/gist_id}\", \"starred_url\": \"https://api.github.com/users/Caryourdaysbm/starred{/owner}{/repo}\", \"subscriptions_url\": \"https://api.github.com/users/Caryourdaysbm/subscriptions\", \"organizations_url\": \"https://api.github.com/users/Caryourdaysbm/orgs\", \"repos_url\": \"https://api.github.com/users/Caryourdaysbm/repos\", \"events_url\": \"https://api.github.com/users/Caryourdaysbm/events{/privacy}\", \"received_events_url\": \"https://api.github.com/users/Caryourdaysbm/received_events\", \"type\": \"User\", \"site_admin\": false, \"name\": null, \"company\": null, \"blog\": \"\", \"location\": null, \"email\": null, \"hireable\": null, \"bio\": null, \"twitter_username\": null, \"public_repos\": 2, \"public_gists\": 0, \"followers\": 0, \"following\": 0, \"created_at\": \"2020-05-14T16:46:23Z\", \"updated_at\": \"2020-07-23T07:22:11Z\"}"}}, {"model": "socialaccount.socialtoken", "pk": 1, "fields": {"app": 1, "account": 1, "token": "ya29.a0AfH6SMDq4gFhA44aThzMRamHyfbBbjf5UX9YisraXmD3zrac_RnMAnjCpaqgdq8LUanPHkYWs5LLPpDW9C68GJEK3A0hbyfhj0NE9xUq3zSJQCi23y6TVKftl31NrM2JOmqLANFD7LxVwprt8-BqOE7xzFZV2GQTg-G7", "token_secret": "", "expires_at": "2020-07-16T13:51:00.787Z"}}, {"model": "socialaccount.socialtoken", "pk": 2, "fields": {"app": 1, "account": 2, "token": "ya29.a0AfH6SMCaFC4_oOP-4glCVm0TUoi8m3ITOjmEfzVhPKQRCjIIvyliNHqAI3wI59_DKCNATMdrHCeMO9aEdZWZnpuamuaJA3GIA4_nSvVBq1R2HRyyWRDc-7aEv_z_l5wfQ8go28a1z45vg3V1LImuIL-7jkIHNpkakgOU", "token_secret": "", "expires_at": "2020-07-18T20:26:43.708Z"}}, {"model": "socialaccount.socialtoken", "pk": 3, "fields": {"app": 1, "account": 3, "token": "ya29.a0AfH6SMDbR4qmvPVnNkVjxqFUz7Q1Pihw-RcLBRypDSDnbwhvYGBwptsy_OzoTdK5ydXaIVbSEf39SDs4eP16WVEKQ3gw6MvAbytXexoRh8kkjx1x3BmN5GtgIZLNeX5dCeVkAJkNwUyMoQUaw-1Y-tI1LGwtzTZ5H0A", "token_secret": "", "expires_at": "2020-07-18T21:49:37.420Z"}}, {"model": "socialaccount.socialtoken", "pk": 4, "fields": {"app": 1, "account": 4, "token": "ya29.a0AfH6SMDzMdw2HS81fQ0EOPO7FC106_FKhouVn51-ipVfVtyAnTmvBHSNVedWsa8_9cCkkqZ0Hl1YXR_mdNMfvrAR_mlhs8HK4AivS-uIk9vrAP0WntwOjiu6Ji8f1lI-5ORftOyZrQrJSRKssg_3vRR5AkrGbpz5enw", "token_secret": "", "expires_at": "2020-07-19T23:38:54.491Z"}}, {"model": "socialaccount.socialtoken", "pk": 5, "fields": {"app": 1, "account": 5, "token": "ya29.a0AfH6SMCuiYuBuTKK6x_IuWQGUXQGwEhYLehj1rXFK5sXwYOo15e2KCjE5jRj16TWkFSg81N8OeCkDjya9u05tDypP60avq-f82LrDtvyfpOcYYUKibI8TLUMsJipziZU1TFFVnjQDwXwSZvpkJpt439tI8PYv8PcnGg", "token_secret": "", "expires_at": "2020-07-19T23:52:40.517Z"}}, {"model": "socialaccount.socialtoken", "pk": 6, "fields": {"app": 1, "account": 6, "token": "ya29.a0AfH6SMCl2W3rhIBahvvbJSyz1vcaO-ZjjPySilo0NN4q3-Sm9x02YKdI2C6P5ttSrfwzXP5hPsC91LjEr98x763hrhLKIPRIh2_HqhOH-IhVwiy1VGRZ6XqW5T1s8p6Ddx7s54Q6yKjs6u9maxTYWmu8gqEjP-xcamk", "token_secret": "", "expires_at": "2020-07-20T03:54:25.814Z"}}, {"model": "socialaccount.socialtoken", "pk": 7, "fields": {"app": 1, "account": 7, "token": "ya29.a0AfH6SMBbVzHslXxxcatT1wVbns7OxjeGOWy2F5yYyHRnZrIzcQyaTnCXiIO_WQ9w1_-PEE49v9ipIQh18VdH5jmF_7UoHjDLJzUnFlczIfL0ZabxYZusRTJnWx97zlToEnXRcWexeKd0SHxLliYqMka5fvh1DiX_XIQ", "token_secret": "", "expires_at": "2020-07-20T06:46:42.711Z"}}, {"model": "socialaccount.socialtoken", "pk": 8, "fields": {"app": 1, "account": 8, "token": "ya29.a0AfH6SMDPjR4K9Sp80HQkGMoUxL3_oUl71Rp_nHV0i5hn11hTBRPNPoUHcCPrYZ8EE-C3O8cWXhiYk1_rLJcEfDoHzvE7v4iCKFTchITESVMrqqhPn0THYCBFZYOItoh2-e4qlAyvNK3hI1aOXTA2HiSFnXklXQKnecs", "token_secret": "", "expires_at": "2020-07-20T08:28:09.972Z"}}, {"model": "socialaccount.socialtoken", "pk": 9, "fields": {"app": 1, "account": 9, "token": "ya29.a0AfH6SMC3zAAGV-N8-Piy8qyOqJccNqYKh8DYb2mSnxkvmo7Ol1kaxl7dLzTJzW6F8b_BhuQTnVwnDJkmWiDcq0kwBAXamLgsYtB45Gl_2UbHEw5_LN57zpHePrbgjcF8YzWlDM4EdcSzc_zO_fGa4mdrDd7zBbnai6w", "token_secret": "", "expires_at": "2020-07-20T09:49:59.273Z"}}, {"model": "socialaccount.socialtoken", "pk": 10, "fields": {"app": 1, "account": 10, "token": "ya29.a0AfH6SMCiSs9r1YW4KnaNQrwn6aw44JlAqT_hZ5Lmq88V2QW4s8QUFcrvGYMVEIQmbCHWx2-Cl-AM9RXga-YOvjaK6BTNZlrW8uuhrV03JHxJvJ9-GYNbi1-zmLGsyE4i-hJxE8hsfT46kN-c1tI_T4LyvsnebxBG2jM", "token_secret": "", "expires_at": "2020-07-20T10:05:46.111Z"}}, {"model": "socialaccount.socialtoken", "pk": 11, "fields": {"app": 1, "account": 11, "token": "ya29.a0AfH6SMCbyUfBtc6K0RH84s6suw5Xa6S6uqq08Oh2SBHmH9Ei2fJ20enVvDMBvTxLkkL5JEJCAHf640OhfRhfIdfyMaJ2VaCGr7lIskYBM8j4S_hhfVIDXCYr1f8iDWNb14Nas23z458VhqcBiAggARsl7smgfQ6gRLA", "token_secret": "", "expires_at": "2020-07-20T11:40:23.143Z"}}, {"model": "socialaccount.socialtoken", "pk": 12, "fields": {"app": 1, "account": 12, "token": "ya29.a0AfH6SMAr9gG83TxRLoag7HKAxE_k1RyThaRhB3j7bmrpYC9GBe5MKwO_hqSjyYgPBG6w8HaxM41AA4vIK9TkwoE7mLHkfRRIW7uH6_ixrgQQK8-gfId_6vSInGf_lF4_bF6GNzyutgGPjxNKQAm11sa4UzezKEAtd3g", "token_secret": "", "expires_at": "2020-07-20T11:54:08.252Z"}}, {"model": "socialaccount.socialtoken", "pk": 13, "fields": {"app": 2, "account": 13, "token": "5881e4389edd991ecc8387f8c30dd8c38e333967", "token_secret": "", "expires_at": null}}, {"model": "socialaccount.socialtoken", "pk": 14, "fields": {"app": 1, "account": 14, "token": "ya29.a0AfH6SMCa48O1wwKsOE3QhbxG0dNik9jT4NcRPCrjuq6ctqt2fc3j617Mzglpa9UauJkPicRs3Pf1qodG77mmrpr6l7Qz3DrGjmIB_tkAURAaoMWx5TJpwWBe_HJOXH4b916YuqaH1UWS8VgLrM9s90RYSrtdxdI8CM8", "token_secret": "", "expires_at": "2020-07-20T16:32:08.345Z"}}, {"model": "socialaccount.socialtoken", "pk": 15, "fields": {"app": 1, "account": 15, "token": "ya29.a0AfH6SMBmwp4bIlE2SQ7YxDE5yV8NQNd3vceIYsAz0kpuefYcTgUUM-3plmNKHvYPOyL4NBgb_R4jUEtZ_kHVOSDFT-n3E49OeO204zAv8dpv-8l_UZ-MB575ZWYr_Z9CWv6X1FAWuWDH0r3xK0GIwGgZShXnloKMyd0", "token_secret": "", "expires_at": "2020-07-20T19:01:24.871Z"}}, {"model": "socialaccount.socialtoken", "pk": 16, "fields": {"app": 1, "account": 16, "token": "ya29.a0AfH6SMBx-v2clho0rpNioALtGvZW0M_trgbCveyfu5okSco04GLtF5yPa0CHu1nGDSeXI9e6wxrE6NzrqJ7h8PEuQcG9CtpTYXiwSkudiKLQgECVVfuF7z_T3Sn7NZobDGKzwMU-ySh-gnxv82kZDzRjG_6KPDkWx6s", "token_secret": "", "expires_at": "2020-07-20T21:39:59.251Z"}}, {"model": "socialaccount.socialtoken", "pk": 17, "fields": {"app": 1, "account": 17, "token": "ya29.a0AfH6SMCSGQIS_bIQEfiiiVtijr6Ru5CuG6_FioUwkoXp3mPIxeAzBpYqfae0SfBaKjY7TWIDhQuSthN_TTCBasxDVmre-hnD9j9SKf5LgOKuYdvKtOOVbpHoaPF8J6X94-8fQeht35qaB8mEqgQvRjU0xQDiE4KCShc", "token_secret": "", "expires_at": "2020-07-20T21:47:37.002Z"}}, {"model": "socialaccount.socialtoken", "pk": 18, "fields": {"app": 1, "account": 18, "token": "ya29.a0AfH6SMBMlgtDxCR7SWBqyGhBRXCnMvLBOlkGN0SDngqOl-vxm47B7M0VIxbmkHaAFguljkI6JJxi3oVeIR9w94qiomMb4wwCLCzqhZbZ_cDSe8qVbZ6lwXyfvgDs7e9HtynXpsc6z4wPxsCHh6-vZcDswmkJdlKO6ic", "token_secret": "", "expires_at": "2020-07-20T21:50:28.728Z"}}, {"model": "socialaccount.socialtoken", "pk": 19, "fields": {"app": 2, "account": 19, "token": "6fb853fc9cc7cea12e31c5b6e2ba559ae534698e", "token_secret": "", "expires_at": null}}, {"model": "socialaccount.socialtoken", "pk": 20, "fields": {"app": 1, "account": 20, "token": "ya29.a0AfH6SMCKSAQ04wU3QXgztrxmtm7CEDtodBW_VPNKMAyRBXLo2nHVrmFYgx_lsyyucyOFhVFkw0xZ0ddiwr9hdMMhVFnz8P1GK_eS65MNZelbJJ-IpWr9XZmDTuksCHat_RE9VM4feU7GKZePQl4SLCZCCv9YvFNHJnc", "token_secret": "", "expires_at": "2020-07-22T16:24:27.623Z"}}, {"model": "socialaccount.socialtoken", "pk": 21, "fields": {"app": 2, "account": 21, "token": "62a96c681b38cdd94f48c8dc24f223c8e652eba1", "token_secret": "", "expires_at": null}}, {"model": "socialaccount.socialtoken", "pk": 22, "fields": {"app": 2, "account": 22, "token": "bf1a168ad7ad781413307eb3d1c980930e683dd9", "token_secret": "", "expires_at": null}}, {"model": "sites.site", "pk": 1, "fields": {"domain": "example.com", "name": "example.com"}}, {"model": "sites.site", "pk": 3, "fields": {"domain": "seehowtv.com", "name": "cHowTV"}}, {"model": "socialaccount.socialapp", "pk": 1, "fields": {"provider": "google", "name": "Google API", "client_id": "935224734926-1v5sn59gld9tg6cqugbrr9ai7obrq6da.apps.googleusercontent.com", "secret": "QWA0zJSwb_Z11OVlvMwXI-PF", "key": "", "sites": [3]}}, {"model": "socialaccount.socialapp", "pk": 2, "fields": {"provider": "github", "name": "GitHub", "client_id": "dc8f49ebdf2669c92896", "secret": "bacee2113893f50ec716edae10ede95cc77501b2", "key": "", "sites": [3]}}, {"model": "star_ratings.userrating", "pk": 1, "fields": {"created": "2020-07-31T18:05:22.952Z", "modified": "2020-08-05T20:09:19.119Z", "user": 1, "ip": "127.0.0.1", "score": 3, "rating": 1}}, {"model": "star_ratings.userrating", "pk": 2, "fields": {"created": "2020-07-31T18:06:56.735Z", "modified": "2020-07-31T18:06:56.735Z", "user": 1, "ip": "127.0.0.1", "score": 3, "rating": 4}}, {"model": "star_ratings.userrating", "pk": 3, "fields": {"created": "2020-07-31T18:06:58.472Z", "modified": "2020-08-05T19:57:11.810Z", "user": 1, "ip": "127.0.0.1", "score": 1, "rating": 3}}, {"model": "star_ratings.userrating", "pk": 4, "fields": {"created": "2020-07-31T18:07:01.432Z", "modified": "2020-08-05T20:09:12.161Z", "user": 1, "ip": "127.0.0.1", "score": 4, "rating": 2}}, {"model": "star_ratings.userrating", "pk": 5, "fields": {"created": "2020-07-31T20:23:01.162Z", "modified": "2020-08-01T11:16:50.231Z", "user": 1, "ip": "127.0.0.1", "score": 5, "rating": 8}}, {"model": "school.tutor", "pk": 1, "fields": {"user": 43, "image": "book/tutors/1.jpeg", "instagram": "how_tv", "twitter": "cHowTv1", "github": "proflamxy"}}, {"model": "school.tutor", "pk": 3, "fields": {"user": 1, "image": "default_profile.jpg", "instagram": null, "twitter": null, "github": null}}, {"model": "school.select_course", "pk": 1, "fields": {"sel": "Hacking", "users": [1]}}, {"model": "school.select_course", "pk": 2, "fields": {"sel": "Web_Development", "users": [1, 5]}}, {"model": "school.select_course", "pk": 3, "fields": {"sel": "Forex", "users": [3]}}, {"model": "school.select_course", "pk": 4, "fields": {"sel": "AI", "users": []}}, {"model": "school.select_course", "pk": 5, "fields": {"sel": "Forex Trading ", "users": [3]}}, {"model": "school.select_course", "pk": 6, "fields": {"sel": "Forex ( Concept of MAs )", "users": [3]}}, {"model": "school.select_course", "pk": 7, "fields": {"sel": "Forex ( Concept of MAs )", "users": [3]}}, {"model": "school.select_course", "pk": 8, "fields": {"sel": "Forex Trading ", "users": [3]}}, {"model": "school.select_course", "pk": 9, "fields": {"sel": "Novels", "users": [3]}}, {"model": "school.select_course", "pk": 10, "fields": {"sel": "Hacking 101", "users": []}}, {"model": "school.select_course", "pk": 11, "fields": {"sel": "year", "users": [1]}}, {"model": "school.course", "pk": 49, "fields": {"name": "olawale", "gender": "1", "Email": 1, "Phone": "+2348107281876", "category1": "first", "city": "Nigeria", "date": "2020-07-09T00:00:00Z", "coursess": [1, 2, 3]}}, {"model": "school.profile", "pk": 1, "fields": {"authorName": "Default", "user": 1, "profile_image": "profile/images/F1595282-CBC1-43B0-A02A-CBFD6A7502D9.jpeg", "about_me": "This is a default Author , all author's profiles are displayed here with their favorite books", "favorite": [3, 4, 8]}}, {"model": "school.profile", "pk": 2, "fields": {"authorName": "Magmahfx", "user": 3, "profile_image": "profile/images/default_profile.jpg", "about_me": null, "favorite": []}}, {"model": "school.novel", "pk": 3, "fields": {"title": "Lord Of Scoundrel", "author": 1, "summary": "<p>DETERMINED LADY<br />\r\n<br />\r\nTough-minded<br />\r\nJessica Trent&#39;s sole intention is to free her nitwit brother from the<br />\r\ndestructive influence of Sebastian Ballister, the notorious Marquess of<br />\r\nDain. She never expects to <em>desire</em> the arrogant, amoral cad. And when Dain&#39;s reciprocal passion places them in a scandalously compromising, and <em>public</em>, position, Jessica is left with no choice but to seek satisfaction...</p>", "isbn": "978038077616", "bookFile": "book_files/Lord_of_Scoundrels_by_Loretta_Chase_.epub", "date_uploaded": "2020-07-19T14:38:43Z", "bookImage": "book/images/upload1_dIJh6ts.jpg", "created_author": 1, "genre": [4]}}, {"model": "school.novel", "pk": 4, "fields": {"title": "Captives of the Night", "author": 1, "summary": "<p>None</p>", "isbn": "978078622368", "bookFile": "book_files/Captives_of_the_Night_by_Chase_Loretta_.epub", "date_uploaded": "2020-07-19T14:44:24Z", "bookImage": "book/images/upload2_37NNQUt.jpg", "created_author": 1, "genre": [7]}}, {"model": "school.novel", "pk": 5, "fields": {"title": "Vampire Diaries", "author": 1, "summary": "<p>None</p>", "isbn": "1234677", "bookFile": "book_files/The_Vampire_Diaries_Stefans_Diaries_2_Bloodlust_by_L._J._Smith_Kevin_Williams_V3JUx3w.pdf", "date_uploaded": "2020-07-19T15:37:41Z", "bookImage": "book/images/9E4A3194-38F8-4FA2-BA49-11E44F5256B7.jpg", "created_author": 1, "genre": [1, 2, 4, 5, 7]}}, {"model": "school.novel", "pk": 6, "fields": {"title": "Elvenbane", "author": 1, "summary": "<p>Prophesy Dreaded by the Elves prophesied by the Dragons is finally about to happen&nbsp;.....</p>", "isbn": "553224567", "bookFile": "book_files/Elvenborn_by_Norton_Andre_Lackey_Mercedes_cHowTV.epub", "date_uploaded": "2020-07-19T18:32:13Z", "bookImage": "book/images/3D38C50E-CE34-4C0E-8243-631147937FDB.jpg", "created_author": 1, "genre": [1, 2]}}, {"model": "school.novel", "pk": 7, "fields": {"title": "Relative Betrayal ", "author": 1, "summary": "When Rachel's marriage had broken up there had been no possibility ofreconciliation. Not only had her husband, Matthew Conroy, looked elsewherefor love, but the woman he had chosen was Rachel's own cousin, Barbara", "isbn": "123345556688", "bookFile": "book_files/Relative_Betrayal_by_Anne_Mather_.pdf", "date_uploaded": "2020-07-20T19:45:39.100Z", "bookImage": "book/images/E421DC46-012B-4E30-A0DD-EA901C30D1C2.jpg", "created_author": 1, "genre": [4, 5]}}, {"model": "school.novel", "pk": 8, "fields": {"title": "legend of drizzt", "author": 1, "summary": "<p><em>Drizzt is back, and facing a world changed forever! An uneasy peace between the dwarves of Mithral Hall and the orcs of the newly established Kingdom of Many-Arrows can&rsquo;t last long. The orc tribes united under Obould begin to fight each other, and Bruenor is determined to finish the war that nearly killed him and almost destroyed everything he&rsquo;s worked to build. But it will take more than swords and axes to bring a lasting peace to the Spine of the World. Powerful individuals on both sides may have to change the way they see each other. </em></p>", "isbn": "0786950463", "bookFile": "book_files/legend_seehowtv.epub", "date_uploaded": "2020-07-22T18:51:49Z", "bookImage": "book/images/legend.jpg", "created_author": 2, "genre": [1, 4, 6, 7]}}, {"model": "school.novel", "pk": 9, "fields": {"title": "legend of drizzt hafling gem", "author": 1, "summary": "<p><em>Drizzt is back, and facing a world changed forever! An uneasy peace between the dwarves of Mithral Hall and the orcs of the newly established Kingdom of Many-Arrows can&rsquo;t last long. The orc tribes united under Obould begin to fight each other, and Bruenor is determined to finish the war that nearly killed him and almost destroyed everything he&rsquo;s worked to build. But it will take more than swords and axes to bring a lasting peace to the Spine of the World. Powerful individuals on both sides may have to change the way they see each other. </em></p>", "isbn": "9780786942893", "bookFile": "book_files/legend_of_drizzt_seehow.epub", "date_uploaded": "2020-07-22T19:04:43Z", "bookImage": "book/images/legend_Xu7NeBA.jpg", "created_author": 2, "genre": [1, 4, 5, 6]}}, {"model": "school.novel", "pk": 10, "fields": {"title": "Beautiful creatures ", "author": 2, "summary": "Ethan awaits the day he can leave his small town and go to college. He falls in love with Lena, who is shunned by all. Ethan learns that she's a witch, and they must find a way to save their love.", "isbn": "9780316071284", "bookFile": "book_files/Beautiful_Creatures_-_Kami_Garcia.pdf", "date_uploaded": "2020-07-26T20:35:29.316Z", "bookImage": "book/images/20200726_205608.jpg", "created_author": 3, "genre": [1, 4, 5, 7]}}, {"model": "school.novel", "pk": 11, "fields": {"title": "opk", "author": 1, "summary": "zcvbnm,", "isbn": "12345678", "bookFile": "book_files/INDUSTRIALTRAININGREPORT.pdf", "date_uploaded": "2020-07-29T08:10:26.148Z", "bookImage": "book/images/1_9RGbJef.jpg", "created_author": 1, "genre": [1]}}, {"model": "school.novel", "pk": 12, "fields": {"title": "rty;jvgft", "author": 1, "summary": "hkl;uutyuttgyu", "isbn": "12345678", "bookFile": "book_files/IMG_20191023_073057_6.jpg", "date_uploaded": "2020-07-29T08:11:40.184Z", "bookImage": "book/images/1_OY24QuK_ab71sYD_SnsBhmO_kHN46eP_bao6aeC_nnwShaf_PQp5EGM_o15f0RA_t9KLZnu_bu_Pbt7bae.jpg", "created_author": 1, "genre": [2]}}, {"model": "school.novel", "pk": 13, "fields": {"title": "rty;jvgft", "author": 1, "summary": "hkl;uutyuttgyu", "isbn": "12345678", "bookFile": "book_files/IMG_20191023_073057_6_W6oVmkI.jpg", "date_uploaded": "2020-07-29T08:14:44.533Z", "bookImage": "book/images/1_cJArml2.jpg", "created_author": 1, "genre": [2]}}, {"model": "school.novel", "pk": 14, "fields": {"title": "Captives of the Night", "author": 1, "summary": "dfgjkl;. n ghg", "isbn": "123456", "bookFile": "book_files/3_F5PGFzl.jpeg", "date_uploaded": "2020-07-29T08:18:57.759Z", "bookImage": "book/images/1_lb7Qpl4.jpg", "created_author": 1, "genre": [2]}}, {"model": "school.novel", "pk": 15, "fields": {"title": "the headmaster", "author": 1, "summary": "sdfcvnm,;", "isbn": "1234567", "bookFile": "book_files/PHOTO-2020-07-11-06-48-47.jpg", "date_uploaded": "2020-07-29T08:20:37.457Z", "bookImage": "book/images/1_atTXkcj.jpg", "created_author": 1, "genre": [1]}}, {"model": "admin.logentry", "pk": 1, "fields": {"action_time": "2020-07-12T09:12:10.997Z", "user": 1, "content_type": 13, "object_id": "1", "object_repr": "Hacking", "action_flag": 1, "change_message": "[{\"added\": {}}]"}}, {"model": "admin.logentry", "pk": 2, "fields": {"action_time": "2020-07-12T09:25:16.860Z", "user": 1, "content_type": 7, "object_id": "1", "object_repr": "Action", "action_flag": 1, "change_message": "[{\"added\": {}}]"}}, {"model": "admin.logentry", "pk": 3, "fields": {"action_time": "2020-07-12T09:25:42.478Z", "user": 1, "content_type": 8, "object_id": "1", "object_repr": "the man", "action_flag": 1, "change_message": "[{\"added\": {}}]"}}, {"model": "admin.logentry", "pk": 4, "fields": {"action_time": "2020-07-12T09:25:48.067Z", "user": 1, "content_type": 9, "object_id": "1", "object_repr": "olamide", "action_flag": 1, "change_message": "[{\"added\": {}}]"}}, {"model": "admin.logentry", "pk": 5, "fields": {"action_time": "2020-07-13T01:17:46.093Z", "user": 1, "content_type": 7, "object_id": "2", "object_repr": "Horror", "action_flag": 1, "change_message": "[{\"added\": {}}]"}}, {"model": "admin.logentry", "pk": 6, "fields": {"action_time": "2020-07-13T01:18:04.049Z", "user": 1, "content_type": 7, "object_id": "3", "object_repr": "Satire", "action_flag": 1, "change_message": "[{\"added\": {}}]"}}, {"model": "admin.logentry", "pk": 7, "fields": {"action_time": "2020-07-13T01:18:28.780Z", "user": 1, "content_type": 7, "object_id": "4", "object_repr": "Romance", "action_flag": 1, "change_message": "[{\"added\": {}}]"}}, {"model": "admin.logentry", "pk": 8, "fields": {"action_time": "2020-07-13T01:18:40.931Z", "user": 1, "content_type": 7, "object_id": "5", "object_repr": "Fantasy", "action_flag": 1, "change_message": "[{\"added\": {}}]"}}, {"model": "admin.logentry", "pk": 9, "fields": {"action_time": "2020-07-13T01:18:52.741Z", "user": 1, "content_type": 7, "object_id": "6", "object_repr": "Mythology", "action_flag": 1, "change_message": "[{\"added\": {}}]"}}, {"model": "admin.logentry", "pk": 10, "fields": {"action_time": "2020-07-14T06:02:00.871Z", "user": 1, "content_type": 19, "object_id": "2", "object_repr": "127.0.0.1:8000", "action_flag": 1, "change_message": "[{\"added\": {}}]"}}, {"model": "admin.logentry", "pk": 11, "fields": {"action_time": "2020-07-14T06:05:05.051Z", "user": 1, "content_type": 17, "object_id": "1", "object_repr": "Google API", "action_flag": 1, "change_message": "[{\"added\": {}}]"}}, {"model": "admin.logentry", "pk": 12, "fields": {"action_time": "2020-07-14T12:45:58.308Z", "user": 1, "content_type": 3, "object_id": "1", "object_repr": "Author", "action_flag": 1, "change_message": "[{\"added\": {}}]"}}, {"model": "admin.logentry", "pk": 13, "fields": {"action_time": "2020-07-14T12:46:10.433Z", "user": 1, "content_type": 3, "object_id": "2", "object_repr": "Tutor", "action_flag": 1, "change_message": "[{\"added\": {}}]"}}, {"model": "admin.logentry", "pk": 14, "fields": {"action_time": "2020-07-14T12:48:08.620Z", "user": 1, "content_type": 4, "object_id": "1", "object_repr": "olamide", "action_flag": 2, "change_message": "[{\"changed\": {\"fields\": [\"Groups\"]}}]"}}, {"model": "admin.logentry", "pk": 15, "fields": {"action_time": "2020-07-16T12:44:43.802Z", "user": 1, "content_type": 19, "object_id": "2", "object_repr": "seehowtv.com", "action_flag": 2, "change_message": "[{\"changed\": {\"fields\": [\"Domain name\", \"Display name\"]}}]"}}, {"model": "admin.logentry", "pk": 16, "fields": {"action_time": "2020-07-16T12:47:02.563Z", "user": 1, "content_type": 17, "object_id": "1", "object_repr": "Google API", "action_flag": 2, "change_message": "[]"}}, {"model": "admin.logentry", "pk": 17, "fields": {"action_time": "2020-07-16T19:33:37.098Z", "user": 1, "content_type": 9, "object_id": "1", "object_repr": "olamide", "action_flag": 2, "change_message": "[{\"changed\": {\"fields\": [\"Profile image\"]}}]"}}, {"model": "admin.logentry", "pk": 18, "fields": {"action_time": "2020-07-16T21:55:58.806Z", "user": 1, "content_type": 17, "object_id": "1", "object_repr": "Google API", "action_flag": 2, "change_message": "[{\"changed\": {\"fields\": [\"Sites\"]}}]"}}, {"model": "admin.logentry", "pk": 19, "fields": {"action_time": "2020-07-16T22:28:58.276Z", "user": 1, "content_type": 8, "object_id": "1", "object_repr": "the man", "action_flag": 2, "change_message": "[{\"changed\": {\"fields\": [\"Author\", \"BookFile\", \"BookImage\"]}}]"}}, {"model": "admin.logentry", "pk": 20, "fields": {"action_time": "2020-07-17T09:07:50.100Z", "user": 1, "content_type": 17, "object_id": "1", "object_repr": "Google API", "action_flag": 2, "change_message": "[{\"changed\": {\"fields\": [\"Sites\"]}}]"}}, {"model": "admin.logentry", "pk": 21, "fields": {"action_time": "2020-07-17T09:12:23.178Z", "user": 1, "content_type": 17, "object_id": "1", "object_repr": "Google API", "action_flag": 2, "change_message": "[]"}}, {"model": "admin.logentry", "pk": 22, "fields": {"action_time": "2020-07-17T09:17:42.881Z", "user": 1, "content_type": 19, "object_id": "1", "object_repr": "example.com", "action_flag": 3, "change_message": ""}}, {"model": "admin.logentry", "pk": 23, "fields": {"action_time": "2020-07-17T09:21:46.470Z", "user": 1, "content_type": 17, "object_id": "1", "object_repr": "Google API", "action_flag": 2, "change_message": "[]"}}, {"model": "admin.logentry", "pk": 24, "fields": {"action_time": "2020-07-17T09:25:48.248Z", "user": 1, "content_type": 19, "object_id": "2", "object_repr": "seehowtv.com", "action_flag": 3, "change_message": ""}}, {"model": "admin.logentry", "pk": 25, "fields": {"action_time": "2020-07-17T09:26:09.645Z", "user": 1, "content_type": 19, "object_id": "3", "object_repr": "https://seehowtv.com", "action_flag": 1, "change_message": "[{\"added\": {}}]"}}, {"model": "admin.logentry", "pk": 26, "fields": {"action_time": "2020-07-17T09:39:10.808Z", "user": 1, "content_type": 17, "object_id": "1", "object_repr": "Google API", "action_flag": 2, "change_message": "[{\"changed\": {\"fields\": [\"Sites\"]}}]"}}, {"model": "admin.logentry", "pk": 27, "fields": {"action_time": "2020-07-17T09:48:05.822Z", "user": 1, "content_type": 19, "object_id": "3", "object_repr": "seehowtv.com", "action_flag": 2, "change_message": "[{\"changed\": {\"fields\": [\"Domain name\"]}}]"}}, {"model": "admin.logentry", "pk": 28, "fields": {"action_time": "2020-07-17T13:35:42.748Z", "user": 1, "content_type": 4, "object_id": "3", "object_repr": "Magmahfx", "action_flag": 2, "change_message": "[{\"changed\": {\"fields\": [\"Groups\"]}}]"}}, {"model": "admin.logentry", "pk": 29, "fields": {"action_time": "2020-07-17T13:37:23.134Z", "user": 1, "content_type": 9, "object_id": "1", "object_repr": "olamide", "action_flag": 2, "change_message": "[{\"changed\": {\"fields\": [\"Profile image\"]}}]"}}, {"model": "admin.logentry", "pk": 30, "fields": {"action_time": "2020-07-17T13:38:30.458Z", "user": 1, "content_type": 9, "object_id": "1", "object_repr": "olamide", "action_flag": 2, "change_message": "[{\"changed\": {\"fields\": [\"About me\"]}}]"}}, {"model": "admin.logentry", "pk": 31, "fields": {"action_time": "2020-07-18T20:56:33.224Z", "user": 1, "content_type": 13, "object_id": "2", "object_repr": "Web Dev", "action_flag": 1, "change_message": "[{\"added\": {}}]"}}, {"model": "admin.logentry", "pk": 32, "fields": {"action_time": "2020-07-18T21:58:17.970Z", "user": 1, "content_type": 10, "object_id": "1", "object_repr": "Hacking", "action_flag": 1, "change_message": "[{\"added\": {}}]"}}, {"model": "admin.logentry", "pk": 33, "fields": {"action_time": "2020-07-18T21:59:30.671Z", "user": 1, "content_type": 11, "object_id": "1", "object_repr": "hacking", "action_flag": 1, "change_message": "[{\"added\": {}}]"}}, {"model": "admin.logentry", "pk": 34, "fields": {"action_time": "2020-07-19T13:53:49.638Z", "user": 1, "content_type": 9, "object_id": "1", "object_repr": "olamide", "action_flag": 2, "change_message": "[{\"changed\": {\"fields\": [\"Favorite\"]}}]"}}, {"model": "admin.logentry", "pk": 35, "fields": {"action_time": "2020-07-19T14:04:31.480Z", "user": 1, "content_type": 8, "object_id": "2", "object_repr": "the goat", "action_flag": 2, "change_message": "[{\"changed\": {\"fields\": [\"Summary\", \"BookImage\"]}}]"}}, {"model": "admin.logentry", "pk": 36, "fields": {"action_time": "2020-07-19T14:36:35.967Z", "user": 1, "content_type": 8, "object_id": "2", "object_repr": "the goat", "action_flag": 3, "change_message": ""}}, {"model": "admin.logentry", "pk": 37, "fields": {"action_time": "2020-07-19T14:36:35.973Z", "user": 1, "content_type": 8, "object_id": "1", "object_repr": "the man", "action_flag": 3, "change_message": ""}}, {"model": "admin.logentry", "pk": 38, "fields": {"action_time": "2020-07-19T14:42:26.157Z", "user": 1, "content_type": 8, "object_id": "3", "object_repr": "Lord Of Scoundrel", "action_flag": 1, "change_message": "[{\"added\": {}}]"}}, {"model": "admin.logentry", "pk": 39, "fields": {"action_time": "2020-07-19T14:45:29.632Z", "user": 1, "content_type": 7, "object_id": "7", "object_repr": "Fiction", "action_flag": 1, "change_message": "[{\"added\": {}}]"}}, {"model": "admin.logentry", "pk": 40, "fields": {"action_time": "2020-07-19T14:47:23.306Z", "user": 1, "content_type": 8, "object_id": "4", "object_repr": "Captives of the Night", "action_flag": 1, "change_message": "[{\"added\": {}}]"}}, {"model": "admin.logentry", "pk": 41, "fields": {"action_time": "2020-07-19T14:59:10.424Z", "user": 1, "content_type": 10, "object_id": "1", "object_repr": "Hacking", "action_flag": 2, "change_message": "[{\"changed\": {\"fields\": [\"Description\"]}}]"}}, {"model": "admin.logentry", "pk": 42, "fields": {"action_time": "2020-07-19T15:33:58.744Z", "user": 1, "content_type": 13, "object_id": "4", "object_repr": "A.I", "action_flag": 1, "change_message": "[{\"added\": {}}]"}}, {"model": "admin.logentry", "pk": 43, "fields": {"action_time": "2020-07-19T15:39:56.698Z", "user": 1, "content_type": 8, "object_id": "5", "object_repr": "Vampire Diaries", "action_flag": 1, "change_message": "[{\"added\": {}}]"}}, {"model": "admin.logentry", "pk": 44, "fields": {"action_time": "2020-07-19T15:40:16.719Z", "user": 1, "content_type": 9, "object_id": "1", "object_repr": "olamide", "action_flag": 2, "change_message": "[{\"changed\": {\"fields\": [\"Favorite\"]}}]"}}, {"model": "admin.logentry", "pk": 45, "fields": {"action_time": "2020-07-19T17:12:14.101Z", "user": 1, "content_type": 9, "object_id": "1", "object_repr": "olamide", "action_flag": 2, "change_message": "[{\"changed\": {\"fields\": [\"AuthorName\", \"Profile image\"]}}]"}}, {"model": "admin.logentry", "pk": 46, "fields": {"action_time": "2020-07-19T18:27:51.664Z", "user": 1, "content_type": 11, "object_id": "1", "object_repr": "hacking", "action_flag": 2, "change_message": "[{\"changed\": {\"fields\": [\"Course image\"]}}]"}}, {"model": "admin.logentry", "pk": 47, "fields": {"action_time": "2020-07-19T18:37:06.677Z", "user": 1, "content_type": 8, "object_id": "6", "object_repr": "Elvenbane", "action_flag": 2, "change_message": "[{\"changed\": {\"fields\": [\"Title\", \"Summary\", \"BookImage\"]}}]"}}, {"model": "admin.logentry", "pk": 48, "fields": {"action_time": "2020-07-19T20:45:05.841Z", "user": 1, "content_type": 10, "object_id": "2", "object_repr": "Web Dev", "action_flag": 1, "change_message": "[{\"added\": {}}]"}}, {"model": "admin.logentry", "pk": 49, "fields": {"action_time": "2020-07-19T20:46:49.437Z", "user": 1, "content_type": 10, "object_id": "2", "object_repr": "Web Dev", "action_flag": 2, "change_message": "[{\"changed\": {\"fields\": [\"Description\"]}}]"}}, {"model": "admin.logentry", "pk": 50, "fields": {"action_time": "2020-07-19T20:48:02.771Z", "user": 1, "content_type": 10, "object_id": "3", "object_repr": "A.I", "action_flag": 1, "change_message": "[{\"added\": {}}]"}}, {"model": "admin.logentry", "pk": 51, "fields": {"action_time": "2020-07-19T20:52:34.636Z", "user": 1, "content_type": 11, "object_id": "2", "object_repr": "Artificial int", "action_flag": 1, "change_message": "[{\"added\": {}}]"}}, {"model": "admin.logentry", "pk": 52, "fields": {"action_time": "2020-07-19T20:54:24.534Z", "user": 1, "content_type": 13, "object_id": "2", "object_repr": "Web Dev", "action_flag": 2, "change_message": "[{\"changed\": {\"fields\": [\"Users\"]}}]"}}, {"model": "admin.logentry", "pk": 53, "fields": {"action_time": "2020-07-19T20:54:29.661Z", "user": 1, "content_type": 10, "object_id": "2", "object_repr": "Web Dev", "action_flag": 2, "change_message": "[]"}}, {"model": "admin.logentry", "pk": 54, "fields": {"action_time": "2020-07-19T20:56:49.841Z", "user": 1, "content_type": 13, "object_id": "3", "object_repr": "Forex", "action_flag": 2, "change_message": "[{\"changed\": {\"fields\": [\"Sel\"]}}]"}}, {"model": "admin.logentry", "pk": 55, "fields": {"action_time": "2020-07-19T20:57:31.861Z", "user": 1, "content_type": 10, "object_id": "4", "object_repr": "Forex", "action_flag": 1, "change_message": "[{\"added\": {}}]"}}, {"model": "admin.logentry", "pk": 56, "fields": {"action_time": "2020-07-19T20:59:32.120Z", "user": 1, "content_type": 11, "object_id": "3", "object_repr": "Forex", "action_flag": 1, "change_message": "[{\"added\": {}}]"}}, {"model": "admin.logentry", "pk": 57, "fields": {"action_time": "2020-07-20T07:03:53.608Z", "user": 1, "content_type": 13, "object_id": "2", "object_repr": "Web_Development", "action_flag": 2, "change_message": "[{\"changed\": {\"fields\": [\"Sel\"]}}]"}}, {"model": "admin.logentry", "pk": 58, "fields": {"action_time": "2020-07-20T07:04:25.356Z", "user": 1, "content_type": 13, "object_id": "4", "object_repr": "AI", "action_flag": 2, "change_message": "[{\"changed\": {\"fields\": [\"Sel\"]}}]"}}, {"model": "admin.logentry", "pk": 59, "fields": {"action_time": "2020-07-20T07:13:45.383Z", "user": 1, "content_type": 8, "object_id": "4", "object_repr": "Captives of the Night", "action_flag": 2, "change_message": "[{\"changed\": {\"fields\": [\"BookFile\"]}}]"}}, {"model": "admin.logentry", "pk": 60, "fields": {"action_time": "2020-07-20T07:14:51.897Z", "user": 1, "content_type": 8, "object_id": "3", "object_repr": "Lord Of Scoundrel", "action_flag": 2, "change_message": "[{\"changed\": {\"fields\": [\"BookFile\"]}}]"}}, {"model": "admin.logentry", "pk": 61, "fields": {"action_time": "2020-07-20T13:11:48.429Z", "user": 1, "content_type": 17, "object_id": "2", "object_repr": "GitHub", "action_flag": 1, "change_message": "[{\"added\": {}}]"}}, {"model": "admin.logentry", "pk": 62, "fields": {"action_time": "2020-07-22T19:04:31.321Z", "user": 1, "content_type": 8, "object_id": "8", "object_repr": "legend of drizzt", "action_flag": 1, "change_message": "[{\"added\": {}}]"}}, {"model": "admin.logentry", "pk": 63, "fields": {"action_time": "2020-07-22T19:08:41.556Z", "user": 1, "content_type": 8, "object_id": "9", "object_repr": "legend of drizzt hafling gem", "action_flag": 1, "change_message": "[{\"added\": {}}]"}}, {"model": "admin.logentry", "pk": 64, "fields": {"action_time": "2020-07-22T19:11:28.923Z", "user": 1, "content_type": 9, "object_id": "1", "object_repr": "olamide", "action_flag": 2, "change_message": "[{\"changed\": {\"fields\": [\"Favorite\", \"About me\"]}}]"}}, {"model": "admin.logentry", "pk": 65, "fields": {"action_time": "2020-07-27T12:50:02.260Z", "user": 1, "content_type": 10, "object_id": "1", "object_repr": "Hacking", "action_flag": 2, "change_message": "[{\"changed\": {\"fields\": [\"Description\"]}}]"}}, {"model": "admin.logentry", "pk": 66, "fields": {"action_time": "2020-07-27T12:50:52.005Z", "user": 1, "content_type": 13, "object_id": "10", "object_repr": "Hacking 101", "action_flag": 1, "change_message": "[{\"added\": {}}]"}}, {"model": "admin.logentry", "pk": 67, "fields": {"action_time": "2020-07-27T14:27:18.939Z", "user": 1, "content_type": 10, "object_id": "6", "object_repr": "Hacking 101", "action_flag": 1, "change_message": "[{\"added\": {}}]"}}, {"model": "admin.logentry", "pk": 68, "fields": {"action_time": "2020-07-25T12:43:38.083Z", "user": 1, "content_type": 7, "object_id": "2", "object_repr": "Web_Development", "action_flag": 2, "change_message": "[{\"changed\": {\"fields\": [\"Course category\"]}}]"}}, {"model": "admin.logentry", "pk": 69, "fields": {"action_time": "2020-07-25T12:44:11.551Z", "user": 1, "content_type": 21, "object_id": "2", "object_repr": "Hacking", "action_flag": 1, "change_message": "[{\"added\": {}}]"}}, {"model": "admin.logentry", "pk": 70, "fields": {"action_time": "2020-07-25T12:44:15.831Z", "user": 1, "content_type": 7, "object_id": "1", "object_repr": "Hacking", "action_flag": 2, "change_message": "[{\"changed\": {\"fields\": [\"Course category\"]}}]"}}, {"model": "admin.logentry", "pk": 71, "fields": {"action_time": "2020-07-27T22:18:04.409Z", "user": 1, "content_type": 21, "object_id": "3", "object_repr": "forex", "action_flag": 1, "change_message": "[{\"added\": {}}]"}}, {"model": "admin.logentry", "pk": 72, "fields": {"action_time": "2020-07-27T22:18:07.735Z", "user": 1, "content_type": 7, "object_id": "4", "object_repr": "Forex", "action_flag": 2, "change_message": "[{\"changed\": {\"fields\": [\"Course category\"]}}]"}}, {"model": "admin.logentry", "pk": 73, "fields": {"action_time": "2020-07-30T10:00:54.562Z", "user": 1, "content_type": 5, "object_id": "3", "object_repr": "Lord Of Scoundrel", "action_flag": 2, "change_message": "[{\"changed\": {\"fields\": [\"BookFile\", \"BookImage\"]}}]"}}, {"model": "admin.logentry", "pk": 74, "fields": {"action_time": "2020-07-31T23:32:21.134Z", "user": 1, "content_type": 7, "object_id": "5", "object_repr": "Forex Trading ", "action_flag": 2, "change_message": "[{\"changed\": {\"fields\": [\"Course category\"]}}]"}}, {"model": "admin.logentry", "pk": 75, "fields": {"action_time": "2020-07-31T23:34:20.437Z", "user": 1, "content_type": 7, "object_id": "4", "object_repr": "Forex", "action_flag": 2, "change_message": "[]"}}, {"model": "admin.logentry", "pk": 76, "fields": {"action_time": "2020-07-31T23:34:32.341Z", "user": 1, "content_type": 7, "object_id": "5", "object_repr": "Forex Trading ", "action_flag": 2, "change_message": "[]"}}, {"model": "admin.logentry", "pk": 77, "fields": {"action_time": "2020-07-31T23:34:43.144Z", "user": 1, "content_type": 7, "object_id": "3", "object_repr": "AI", "action_flag": 2, "change_message": "[{\"changed\": {\"fields\": [\"Course category\"]}}]"}}, {"model": "admin.logentry", "pk": 78, "fields": {"action_time": "2020-08-01T00:17:44.379Z", "user": 1, "content_type": 10, "object_id": "2", "object_repr": "Web Development", "action_flag": 2, "change_message": "[{\"changed\": {\"fields\": [\"Sel\"]}}]"}}, {"model": "admin.logentry", "pk": 79, "fields": {"action_time": "2020-08-01T11:51:10.255Z", "user": 1, "content_type": 7, "object_id": "2", "object_repr": "Web Development", "action_flag": 2, "change_message": "[{\"changed\": {\"fields\": [\"Description\"]}}]"}}, {"model": "admin.logentry", "pk": 80, "fields": {"action_time": "2020-08-02T13:13:22.550Z", "user": 1, "content_type": 24, "object_id": "1", "object_repr": "cHowTv", "action_flag": 1, "change_message": "[{\"added\": {}}]"}}, {"model": "admin.logentry", "pk": 81, "fields": {"action_time": "2020-08-02T13:13:25.523Z", "user": 1, "content_type": 7, "object_id": "1", "object_repr": "Hacking", "action_flag": 2, "change_message": "[{\"changed\": {\"fields\": [\"Tutor\"]}}]"}}, {"model": "admin.logentry", "pk": 82, "fields": {"action_time": "2020-08-02T13:13:34.056Z", "user": 1, "content_type": 7, "object_id": "2", "object_repr": "Web Development", "action_flag": 2, "change_message": "[{\"changed\": {\"fields\": [\"Tutor\"]}}]"}}, {"model": "admin.logentry", "pk": 83, "fields": {"action_time": "2020-08-03T11:17:30.662Z", "user": 1, "content_type": 6, "object_id": "1", "object_repr": "olamide", "action_flag": 2, "change_message": "[{\"changed\": {\"fields\": [\"Profile image\"]}}]"}}, {"model": "admin.logentry", "pk": 84, "fields": {"action_time": "2020-08-05T10:55:55.363Z", "user": 1, "content_type": 7, "object_id": "6", "object_repr": "Hacking 101", "action_flag": 2, "change_message": "[{\"changed\": {\"fields\": [\"Course category\", \"Tutor\"]}}]"}}, {"model": "admin.logentry", "pk": 85, "fields": {"action_time": "2020-08-06T13:10:14.198Z", "user": 1, "content_type": 7, "object_id": "1", "object_repr": "Hacking", "action_flag": 2, "change_message": "[{\"changed\": {\"fields\": [\"Course category\", \"Tutor\"]}}]"}}, {"model": "admin.logentry", "pk": 86, "fields": {"action_time": "2020-08-06T13:10:30.766Z", "user": 1, "content_type": 7, "object_id": "2", "object_repr": "Web_Development", "action_flag": 2, "change_message": "[{\"changed\": {\"fields\": [\"Course category\", \"Tutor\"]}}]"}}, {"model": "admin.logentry", "pk": 87, "fields": {"action_time": "2020-08-06T13:10:43.152Z", "user": 1, "content_type": 7, "object_id": "3", "object_repr": "AI", "action_flag": 2, "change_message": "[{\"changed\": {\"fields\": [\"Course category\", \"Tutor\"]}}]"}}, {"model": "admin.logentry", "pk": 88, "fields": {"action_time": "2020-08-07T10:28:39.781Z", "user": 1, "content_type": 7, "object_id": "5", "object_repr": "Forex Trading ", "action_flag": 2, "change_message": "[{\"changed\": {\"fields\": [\"Course category\"]}}]"}}, {"model": "admin.logentry", "pk": 89, "fields": {"action_time": "2020-08-07T11:11:08.542Z", "user": 1, "content_type": 9, "object_id": "46", "object_repr": "Oluwapelumi olorundare", "action_flag": 3, "change_message": ""}}, {"model": "admin.logentry", "pk": 90, "fields": {"action_time": "2020-08-07T11:11:08.568Z", "user": 1, "content_type": 9, "object_id": "45", "object_repr": "Bilqees Ademakinwa", "action_flag": 3, "change_message": ""}}, {"model": "admin.logentry", "pk": 91, "fields": {"action_time": "2020-08-07T11:11:08.579Z", "user": 1, "content_type": 9, "object_id": "44", "object_repr": "Attahiru Muhammad Kamba", "action_flag": 3, "change_message": ""}}, {"model": "admin.logentry", "pk": 92, "fields": {"action_time": "2020-08-07T11:11:08.591Z", "user": 1, "content_type": 9, "object_id": "43", "object_repr": "Damilola", "action_flag": 3, "change_message": ""}}, {"model": "admin.logentry", "pk": 93, "fields": {"action_time": "2020-08-07T11:11:08.601Z", "user": 1, "content_type": 9, "object_id": "42", "object_repr": "Tunde", "action_flag": 3, "change_message": ""}}, {"model": "admin.logentry", "pk": 94, "fields": {"action_time": "2020-08-07T11:11:08.635Z", "user": 1, "content_type": 9, "object_id": "41", "object_repr": "Ihedimbu Chinazor Evaristust", "action_flag": 3, "change_message": ""}}, {"model": "admin.logentry", "pk": 95, "fields": {"action_time": "2020-08-07T11:11:08.646Z", "user": 1, "content_type": 9, "object_id": "40", "object_repr": "Francis", "action_flag": 3, "change_message": ""}}, {"model": "admin.logentry", "pk": 96, "fields": {"action_time": "2020-08-07T11:11:08.657Z", "user": 1, "content_type": 9, "object_id": "39", "object_repr": "Sam", "action_flag": 3, "change_message": ""}}, {"model": "admin.logentry", "pk": 97, "fields": {"action_time": "2020-08-07T11:11:08.668Z", "user": 1, "content_type": 9, "object_id": "38", "object_repr": "Lateef tosin", "action_flag": 3, "change_message": ""}}, {"model": "admin.logentry", "pk": 98, "fields": {"action_time": "2020-08-07T11:11:08.679Z", "user": 1, "content_type": 9, "object_id": "37", "object_repr": "Hdairo", "action_flag": 3, "change_message": ""}}, {"model": "admin.logentry", "pk": 99, "fields": {"action_time": "2020-08-07T11:11:08.690Z", "user": 1, "content_type": 9, "object_id": "36", "object_repr": "Daniel D", "action_flag": 3, "change_message": ""}}, {"model": "admin.logentry", "pk": 100, "fields": {"action_time": "2020-08-07T11:11:08.701Z", "user": 1, "content_type": 9, "object_id": "35", "object_repr": "Damilola lawal", "action_flag": 3, "change_message": ""}}, {"model": "admin.logentry", "pk": 101, "fields": {"action_time": "2020-08-07T11:11:08.712Z", "user": 1, "content_type": 9, "object_id": "34", "object_repr": "Adeyemo Adekunle", "action_flag": 3, "change_message": ""}}, {"model": "admin.logentry", "pk": 102, "fields": {"action_time": "2020-08-07T11:11:08.724Z", "user": 1, "content_type": 9, "object_id": "33", "object_repr": "Prince Anozie", "action_flag": 3, "change_message": ""}}, {"model": "admin.logentry", "pk": 103, "fields": {"action_time": "2020-08-07T11:11:08.735Z", "user": 1, "content_type": 9, "object_id": "32", "object_repr": "Muhammad Marwan", "action_flag": 3, "change_message": ""}}, {"model": "admin.logentry", "pk": 104, "fields": {"action_time": "2020-08-07T11:11:08.746Z", "user": 1, "content_type": 9, "object_id": "31", "object_repr": "Edwin Ayabie", "action_flag": 3, "change_message": ""}}, {"model": "admin.logentry", "pk": 105, "fields": {"action_time": "2020-08-07T11:11:08.757Z", "user": 1, "content_type": 9, "object_id": "30", "object_repr": "Okunola David Ayomide", "action_flag": 3, "change_message": ""}}, {"model": "admin.logentry", "pk": 106, "fields": {"action_time": "2020-08-07T11:11:08.768Z", "user": 1, "content_type": 9, "object_id": "29", "object_repr": "Areoye Obaloluwa", "action_flag": 3, "change_message": ""}}, {"model": "admin.logentry", "pk": 107, "fields": {"action_time": "2020-08-07T11:11:08.779Z", "user": 1, "content_type": 9, "object_id": "28", "object_repr": "Ibrahim", "action_flag": 3, "change_message": ""}}, {"model": "admin.logentry", "pk": 108, "fields": {"action_time": "2020-08-07T11:11:08.790Z", "user": 1, "content_type": 9, "object_id": "27", "object_repr": "Chika", "action_flag": 3, "change_message": ""}}, {"model": "admin.logentry", "pk": 109, "fields": {"action_time": "2020-08-07T11:11:08.801Z", "user": 1, "content_type": 9, "object_id": "26", "object_repr": "Paula Etuka", "action_flag": 3, "change_message": ""}}, {"model": "admin.logentry", "pk": 110, "fields": {"action_time": "2020-08-07T11:11:08.824Z", "user": 1, "content_type": 9, "object_id": "25", "object_repr": "Alawiye Sodeeq", "action_flag": 3, "change_message": ""}}, {"model": "admin.logentry", "pk": 111, "fields": {"action_time": "2020-08-07T11:11:08.835Z", "user": 1, "content_type": 9, "object_id": "24", "object_repr": "Precious Edmund", "action_flag": 3, "change_message": ""}}, {"model": "admin.logentry", "pk": 112, "fields": {"action_time": "2020-08-07T11:11:08.846Z", "user": 1, "content_type": 9, "object_id": "23", "object_repr": "Nurudeen Issa", "action_flag": 3, "change_message": ""}}, {"model": "admin.logentry", "pk": 113, "fields": {"action_time": "2020-08-07T11:11:08.857Z", "user": 1, "content_type": 9, "object_id": "22", "object_repr": "Ipense Oluwatobi", "action_flag": 3, "change_message": ""}}, {"model": "admin.logentry", "pk": 114, "fields": {"action_time": "2020-08-07T11:11:08.868Z", "user": 1, "content_type": 9, "object_id": "21", "object_repr": "Tobiloba", "action_flag": 3, "change_message": ""}}, {"model": "admin.logentry", "pk": 115, "fields": {"action_time": "2020-08-07T11:11:08.879Z", "user": 1, "content_type": 9, "object_id": "20", "object_repr": "Gbadegesin olalekan", "action_flag": 3, "change_message": ""}}, {"model": "admin.logentry", "pk": 116, "fields": {"action_time": "2020-08-07T11:11:08.890Z", "user": 1, "content_type": 9, "object_id": "19", "object_repr": "Olayanju Joseph Olanrewaju", "action_flag": 3, "change_message": ""}}, {"model": "admin.logentry", "pk": 117, "fields": {"action_time": "2020-08-07T11:11:08.901Z", "user": 1, "content_type": 9, "object_id": "18", "object_repr": "Alamu Babatunde Ibrahim", "action_flag": 3, "change_message": ""}}, {"model": "admin.logentry", "pk": 118, "fields": {"action_time": "2020-08-07T11:11:08.912Z", "user": 1, "content_type": 9, "object_id": "17", "object_repr": "John Dibashi", "action_flag": 3, "change_message": ""}}, {"model": "admin.logentry", "pk": 119, "fields": {"action_time": "2020-08-07T11:11:08.924Z", "user": 1, "content_type": 9, "object_id": "16", "object_repr": "Abdulazeez Dolapo", "action_flag": 3, "change_message": ""}}, {"model": "admin.logentry", "pk": 120, "fields": {"action_time": "2020-08-07T11:11:08.935Z", "user": 1, "content_type": 9, "object_id": "15", "object_repr": "Okuboarere Francis", "action_flag": 3, "change_message": ""}}, {"model": "admin.logentry", "pk": 121, "fields": {"action_time": "2020-08-07T11:11:08.946Z", "user": 1, "content_type": 9, "object_id": "14", "object_repr": "Bello AbdulHakeem", "action_flag": 3, "change_message": ""}}, {"model": "admin.logentry", "pk": 122, "fields": {"action_time": "2020-08-07T11:11:08.957Z", "user": 1, "content_type": 9, "object_id": "13", "object_repr": "David Olamilekan", "action_flag": 3, "change_message": ""}}, {"model": "admin.logentry", "pk": 123, "fields": {"action_time": "2020-08-07T11:11:08.968Z", "user": 1, "content_type": 9, "object_id": "12", "object_repr": "ANOSIKE CHIJIOKE NNAEMEKA", "action_flag": 3, "change_message": ""}}, {"model": "admin.logentry", "pk": 124, "fields": {"action_time": "2020-08-07T11:11:08.979Z", "user": 1, "content_type": 9, "object_id": "11", "object_repr": "Emmanuel", "action_flag": 3, "change_message": ""}}, {"model": "admin.logentry", "pk": 125, "fields": {"action_time": "2020-08-07T11:11:08.990Z", "user": 1, "content_type": 9, "object_id": "10", "object_repr": "Mubarak Olamide", "action_flag": 3, "change_message": ""}}, {"model": "admin.logentry", "pk": 126, "fields": {"action_time": "2020-08-07T11:11:09.001Z", "user": 1, "content_type": 9, "object_id": "9", "object_repr": "Eyoh Precious", "action_flag": 3, "change_message": ""}}, {"model": "admin.logentry", "pk": 127, "fields": {"action_time": "2020-08-07T11:11:09.035Z", "user": 1, "content_type": 9, "object_id": "8", "object_repr": "Toluwalashe Okunlola", "action_flag": 3, "change_message": ""}}, {"model": "admin.logentry", "pk": 128, "fields": {"action_time": "2020-08-07T11:11:09.046Z", "user": 1, "content_type": 9, "object_id": "7", "object_repr": "SANI MOHAMMED", "action_flag": 3, "change_message": ""}}, {"model": "admin.logentry", "pk": 129, "fields": {"action_time": "2020-08-07T11:11:09.057Z", "user": 1, "content_type": 9, "object_id": "6", "object_repr": "Ogunbona Oluwatobiloba", "action_flag": 3, "change_message": ""}}, {"model": "admin.logentry", "pk": 130, "fields": {"action_time": "2020-08-07T11:11:09.068Z", "user": 1, "content_type": 9, "object_id": "5", "object_repr": "Ogbagah", "action_flag": 3, "change_message": ""}}, {"model": "admin.logentry", "pk": 131, "fields": {"action_time": "2020-08-07T11:11:09.079Z", "user": 1, "content_type": 9, "object_id": "4", "object_repr": "Ifeora Micheal", "action_flag": 3, "change_message": ""}}, {"model": "admin.logentry", "pk": 132, "fields": {"action_time": "2020-08-07T11:11:09.090Z", "user": 1, "content_type": 9, "object_id": "3", "object_repr": "Omolaja omolade", "action_flag": 3, "change_message": ""}}, {"model": "admin.logentry", "pk": 133, "fields": {"action_time": "2020-08-07T11:11:09.101Z", "user": 1, "content_type": 9, "object_id": "2", "object_repr": "Abdulrasheed Olawale", "action_flag": 3, "change_message": ""}}, {"model": "admin.logentry", "pk": 134, "fields": {"action_time": "2020-08-07T11:11:09.112Z", "user": 1, "content_type": 9, "object_id": "1", "object_repr": "olawale", "action_flag": 3, "change_message": ""}}, {"model": "admin.logentry", "pk": 135, "fields": {"action_time": "2020-08-07T11:38:41.144Z", "user": 1, "content_type": 7, "object_id": "6", "object_repr": "Hacking 101", "action_flag": 2, "change_message": "[{\"changed\": {\"fields\": [\"Premium\"]}}]"}}, {"model": "admin.logentry", "pk": 136, "fields": {"action_time": "2020-08-07T11:45:32.355Z", "user": 1, "content_type": 13, "object_id": "3", "object_repr": "Premium", "action_flag": 1, "change_message": "[{\"added\": {}}]"}}, {"model": "admin.logentry", "pk": 137, "fields": {"action_time": "2020-08-07T11:46:01.156Z", "user": 1, "content_type": 14, "object_id": "1", "object_repr": "olamide", "action_flag": 2, "change_message": "[{\"changed\": {\"fields\": [\"Groups\"]}}]"}}]